70,25,uMrxvNp/19jEkIuWBJUs7Q6nPZI=,0vDymXsVUxneyTcJF51MSZiP7y8=
70,26,uMrxvNp/19jEkIuWBJUs7Q6nPZI=,0vDymXsVUxneyTcJF51MSZiP7y8=
70,21,uMrxvNp/19jEkIuWBJUs7Q6nPZI=,GpsL++dH8AsNhpptfUg7PxNRmNo=
65,22,uMrxvNp/19jEkIuWBJUs7Q6nPZI=,ZOczEdpRDhfo4yy7azF/HSSrWzA=
66,22,uMrxvNp/19jEkIuWBJUs7Q6nPZI=,ZOczEdpRDhfo4yy7azF/HSSrWzA=
65,21,uMrxvNp/19jEkIuWBJUs7Q6nPZI=,ZOczEdpRDhfo4yy7azF/HSSrWzA=
66,21,uMrxvNp/19jEkIuWBJUs7Q6nPZI=,ZOczEdpRDhfo4yy7azF/HSSrWzA=
69,19,uMrxvNp/19jEkIuWBJUs7Q6nPZI=,9a3MkSw578JW1hQSMn//P2wmM1o=
69,17,THe9UKncDs8k0Z5hQ9UFcqFZhBo=,9a3MkSw578JW1hQSMn//P2wmM1o=
70,17,THe9UKncDs8k0Z5hQ9UFcqFZhBo=,9a3MkSw578JW1hQSMn//P2wmM1o=
70,19,THe9UKncDs8k0Z5hQ9UFcqFZhBo=,9a3MkSw578JW1hQSMn//P2wmM1o=
69,18,THe9UKncDs8k0Z5hQ9UFcqFZhBo=,9a3MkSw578JW1hQSMn//P2wmM1o=
69,20,THe9UKncDs8k0Z5hQ9UFcqFZhBo=,GpsL++dH8AsNhpptfUg7PxNRmNo=
70,20,THe9UKncDs8k0Z5hQ9UFcqFZhBo=,GpsL++dH8AsNhpptfUg7PxNRmNo=
66,20,THe9UKncDs8k0Z5hQ9UFcqFZhBo=,ZOczEdpRDhfo4yy7azF/HSSrWzA=
70,18,THe9UKncDs8k0Z5hQ9UFcqFZhBo=,9a3MkSw578JW1hQSMn//P2wmM1o=
68,19,THe9UKncDs8k0Z5hQ9UFcqFZhBo=,9a3MkSw578JW1hQSMn//P2wmM1o=
67,20,THe9UKncDs8k0Z5hQ9UFcqFZhBo=,ZOczEdpRDhfo4yy7azF/HSSrWzA=
66,19,THe9UKncDs8k0Z5hQ9UFcqFZhBo=,oOk69b2MGVUmkP7zvtRoyATzLoE=
67,19,THe9UKncDs8k0Z5hQ9UFcqFZhBo=,oOk69b2MGVUmkP7zvtRoyATzLoE=
65,29,THe9UKncDs8k0Z5hQ9UFcqFZhBo=,BG0Jru8YAvxD5WxK91I/oDxdwd8=
66,18,THe9UKncDs8k0Z5hQ9UFcqFZhBo=,oOk69b2MGVUmkP7zvtRoyATzLoE=
66,29,THe9UKncDs8k0Z5hQ9UFcqFZhBo=,BG0Jru8YAvxD5WxK91I/oDxdwd8=
65,30,THe9UKncDs8k0Z5hQ9UFcqFZhBo=,BG0Jru8YAvxD5WxK91I/oDxdwd8=
66,30,THe9UKncDs8k0Z5hQ9UFcqFZhBo=,BG0Jru8YAvxD5WxK91I/oDxdwd8=
67,29,THe9UKncDs8k0Z5hQ9UFcqFZhBo=,BG0Jru8YAvxD5WxK91I/oDxdwd8=
67,30,THe9UKncDs8k0Z5hQ9UFcqFZhBo=,BG0Jru8YAvxD5WxK91I/oDxdwd8=
70,27,THe9UKncDs8k0Z5hQ9UFcqFZhBo=,0vDymXsVUxneyTcJF51MSZiP7y8=
64,22,THe9UKncDs8k0Z5hQ9UFcqFZhBo=,ZOczEdpRDhfo4yy7azF/HSSrWzA=
64,21,THe9UKncDs8k0Z5hQ9UFcqFZhBo=,ZOczEdpRDhfo4yy7azF/HSSrWzA=
70,23,THe9UKncDs8k0Z5hQ9UFcqFZhBo=,GpsL++dH8AsNhpptfUg7PxNRmNo=
69,27,THe9UKncDs8k0Z5hQ9UFcqFZhBo=,0vDymXsVUxneyTcJF51MSZiP7y8=
70,24,THe9UKncDs8k0Z5hQ9UFcqFZhBo=,0vDymXsVUxneyTcJF51MSZiP7y8=
70,22,THe9UKncDs8k0Z5hQ9UFcqFZhBo=,GpsL++dH8AsNhpptfUg7PxNRmNo=
69,24,THe9UKncDs8k0Z5hQ9UFcqFZhBo=,0vDymXsVUxneyTcJF51MSZiP7y8=
65,19,THe9UKncDs8k0Z5hQ9UFcqFZhBo=,oOk69b2MGVUmkP7zvtRoyATzLoE=
65,20,THe9UKncDs8k0Z5hQ9UFcqFZhBo=,ZOczEdpRDhfo4yy7azF/HSSrWzA=
65,18,THe9UKncDs8k0Z5hQ9UFcqFZhBo=,oOk69b2MGVUmkP7zvtRoyATzLoE=
68,20,THe9UKncDs8k0Z5hQ9UFcqFZhBo=,GpsL++dH8AsNhpptfUg7PxNRmNo=
65,17,THe9UKncDs8k0Z5hQ9UFcqFZhBo=,oOk69b2MGVUmkP7zvtRoyATzLoE=
64,29,THe9UKncDs8k0Z5hQ9UFcqFZhBo=,BG0Jru8YAvxD5WxK91I/oDxdwd8=
69,21,THe9UKncDs8k0Z5hQ9UFcqFZhBo=,GpsL++dH8AsNhpptfUg7PxNRmNo=
64,28,THe9UKncDs8k0Z5hQ9UFcqFZhBo=,BG0Jru8YAvxD5WxK91I/oDxdwd8=
66,17,THe9UKncDs8k0Z5hQ9UFcqFZhBo=,oOk69b2MGVUmkP7zvtRoyATzLoE=
64,26,THe9UKncDs8k0Z5hQ9UFcqFZhBo=,WeS1j1h0kb17M44nipMxdQ6EVnQ=
65,28,THe9UKncDs8k0Z5hQ9UFcqFZhBo=,BG0Jru8YAvxD5WxK91I/oDxdwd8=
66,28,THe9UKncDs8k0Z5hQ9UFcqFZhBo=,BG0Jru8YAvxD5WxK91I/oDxdwd8=
67,28,THe9UKncDs8k0Z5hQ9UFcqFZhBo=,BG0Jru8YAvxD5WxK91I/oDxdwd8=
64,27,THe9UKncDs8k0Z5hQ9UFcqFZhBo=,WeS1j1h0kb17M44nipMxdQ6EVnQ=
68,24,THe9UKncDs8k0Z5hQ9UFcqFZhBo=,0vDymXsVUxneyTcJF51MSZiP7y8=
65,27,THe9UKncDs8k0Z5hQ9UFcqFZhBo=,WeS1j1h0kb17M44nipMxdQ6EVnQ=
66,27,THe9UKncDs8k0Z5hQ9UFcqFZhBo=,WeS1j1h0kb17M44nipMxdQ6EVnQ=
65,26,THe9UKncDs8k0Z5hQ9UFcqFZhBo=,WeS1j1h0kb17M44nipMxdQ6EVnQ=
65,31,THe9UKncDs8k0Z5hQ9UFcqFZhBo=,BG0Jru8YAvxD5WxK91I/oDxdwd8=
66,31,THe9UKncDs8k0Z5hQ9UFcqFZhBo=,BG0Jru8YAvxD5WxK91I/oDxdwd8=
71,26,THe9UKncDs8k0Z5hQ9UFcqFZhBo=,0vDymXsVUxneyTcJF51MSZiP7y8=
71,25,THe9UKncDs8k0Z5hQ9UFcqFZhBo=,0vDymXsVUxneyTcJF51MSZiP7y8=
71,27,THe9UKncDs8k0Z5hQ9UFcqFZhBo=,0vDymXsVUxneyTcJF51MSZiP7y8=
68,18,THe9UKncDs8k0Z5hQ9UFcqFZhBo=,9a3MkSw578JW1hQSMn//P2wmM1o=
64,30,THe9UKncDs8k0Z5hQ9UFcqFZhBo=,BG0Jru8YAvxD5WxK91I/oDxdwd8=
67,21,THe9UKncDs8k0Z5hQ9UFcqFZhBo=,ZOczEdpRDhfo4yy7azF/HSSrWzA=
67,18,THe9UKncDs8k0Z5hQ9UFcqFZhBo=,oOk69b2MGVUmkP7zvtRoyATzLoE=
68,21,THe9UKncDs8k0Z5hQ9UFcqFZhBo=,GpsL++dH8AsNhpptfUg7PxNRmNo=
67,23,THe9UKncDs8k0Z5hQ9UFcqFZhBo=,ZOczEdpRDhfo4yy7azF/HSSrWzA=
67,31,THe9UKncDs8k0Z5hQ9UFcqFZhBo=,BG0Jru8YAvxD5WxK91I/oDxdwd8=
64,19,THe9UKncDs8k0Z5hQ9UFcqFZhBo=,oOk69b2MGVUmkP7zvtRoyATzLoE=
64,17,THe9UKncDs8k0Z5hQ9UFcqFZhBo=,oOk69b2MGVUmkP7zvtRoyATzLoE=
64,20,THe9UKncDs8k0Z5hQ9UFcqFZhBo=,ZOczEdpRDhfo4yy7azF/HSSrWzA=
64,18,THe9UKncDs8k0Z5hQ9UFcqFZhBo=,oOk69b2MGVUmkP7zvtRoyATzLoE=
71,21,THe9UKncDs8k0Z5hQ9UFcqFZhBo=,GpsL++dH8AsNhpptfUg7PxNRmNo=
71,22,THe9UKncDs8k0Z5hQ9UFcqFZhBo=,GpsL++dH8AsNhpptfUg7PxNRmNo=
71,24,THe9UKncDs8k0Z5hQ9UFcqFZhBo=,0vDymXsVUxneyTcJF51MSZiP7y8=
71,19,THe9UKncDs8k0Z5hQ9UFcqFZhBo=,9a3MkSw578JW1hQSMn//P2wmM1o=
71,17,THe9UKncDs8k0Z5hQ9UFcqFZhBo=,9a3MkSw578JW1hQSMn//P2wmM1o=
71,18,THe9UKncDs8k0Z5hQ9UFcqFZhBo=,9a3MkSw578JW1hQSMn//P2wmM1o=
71,20,THe9UKncDs8k0Z5hQ9UFcqFZhBo=,GpsL++dH8AsNhpptfUg7PxNRmNo=
69,16,THe9UKncDs8k0Z5hQ9UFcqFZhBo=,9a3MkSw578JW1hQSMn//P2wmM1o=
71,23,THe9UKncDs8k0Z5hQ9UFcqFZhBo=,GpsL++dH8AsNhpptfUg7PxNRmNo=
70,16,THe9UKncDs8k0Z5hQ9UFcqFZhBo=,9a3MkSw578JW1hQSMn//P2wmM1o=
71,16,THe9UKncDs8k0Z5hQ9UFcqFZhBo=,9a3MkSw578JW1hQSMn//P2wmM1o=
68,16,THe9UKncDs8k0Z5hQ9UFcqFZhBo=,9a3MkSw578JW1hQSMn//P2wmM1o=
65,16,THe9UKncDs8k0Z5hQ9UFcqFZhBo=,oOk69b2MGVUmkP7zvtRoyATzLoE=
67,16,THe9UKncDs8k0Z5hQ9UFcqFZhBo=,oOk69b2MGVUmkP7zvtRoyATzLoE=
66,16,THe9UKncDs8k0Z5hQ9UFcqFZhBo=,oOk69b2MGVUmkP7zvtRoyATzLoE=
64,16,THe9UKncDs8k0Z5hQ9UFcqFZhBo=,oOk69b2MGVUmkP7zvtRoyATzLoE=
79,30,THe9UKncDs8k0Z5hQ9UFcqFZhBo=,NVhIzlMif5rOy+hpnL5D7KkPkug=
79,31,THe9UKncDs8k0Z5hQ9UFcqFZhBo=,NVhIzlMif5rOy+hpnL5D7KkPkug=
77,28,THe9UKncDs8k0Z5hQ9UFcqFZhBo=,NVhIzlMif5rOy+hpnL5D7KkPkug=
76,28,THe9UKncDs8k0Z5hQ9UFcqFZhBo=,NVhIzlMif5rOy+hpnL5D7KkPkug=
78,28,THe9UKncDs8k0Z5hQ9UFcqFZhBo=,NVhIzlMif5rOy+hpnL5D7KkPkug=
78,29,THe9UKncDs8k0Z5hQ9UFcqFZhBo=,NVhIzlMif5rOy+hpnL5D7KkPkug=
77,29,THe9UKncDs8k0Z5hQ9UFcqFZhBo=,NVhIzlMif5rOy+hpnL5D7KkPkug=
76,29,THe9UKncDs8k0Z5hQ9UFcqFZhBo=,NVhIzlMif5rOy+hpnL5D7KkPkug=
79,28,THe9UKncDs8k0Z5hQ9UFcqFZhBo=,NVhIzlMif5rOy+hpnL5D7KkPkug=
79,29,THe9UKncDs8k0Z5hQ9UFcqFZhBo=,NVhIzlMif5rOy+hpnL5D7KkPkug=
78,30,THe9UKncDs8k0Z5hQ9UFcqFZhBo=,NVhIzlMif5rOy+hpnL5D7KkPkug=
69,25,THe9UKncDs8k0Z5hQ9UFcqFZhBo=,0vDymXsVUxneyTcJF51MSZiP7y8=
69,26,THe9UKncDs8k0Z5hQ9UFcqFZhBo=,0vDymXsVUxneyTcJF51MSZiP7y8=
65,23,THe9UKncDs8k0Z5hQ9UFcqFZhBo=,ZOczEdpRDhfo4yy7azF/HSSrWzA=
64,31,THe9UKncDs8k0Z5hQ9UFcqFZhBo=,BG0Jru8YAvxD5WxK91I/oDxdwd8=
68,27,THe9UKncDs8k0Z5hQ9UFcqFZhBo=,0vDymXsVUxneyTcJF51MSZiP7y8=
76,30,THe9UKncDs8k0Z5hQ9UFcqFZhBo=,NVhIzlMif5rOy+hpnL5D7KkPkug=
67,27,THe9UKncDs8k0Z5hQ9UFcqFZhBo=,WeS1j1h0kb17M44nipMxdQ6EVnQ=
64,23,THe9UKncDs8k0Z5hQ9UFcqFZhBo=,ZOczEdpRDhfo4yy7azF/HSSrWzA=
66,23,THe9UKncDs8k0Z5hQ9UFcqFZhBo=,ZOczEdpRDhfo4yy7azF/HSSrWzA=
64,24,THe9UKncDs8k0Z5hQ9UFcqFZhBo=,WeS1j1h0kb17M44nipMxdQ6EVnQ=
68,17,THe9UKncDs8k0Z5hQ9UFcqFZhBo=,9a3MkSw578JW1hQSMn//P2wmM1o=
77,30,THe9UKncDs8k0Z5hQ9UFcqFZhBo=,NVhIzlMif5rOy+hpnL5D7KkPkug=
78,31,THe9UKncDs8k0Z5hQ9UFcqFZhBo=,NVhIzlMif5rOy+hpnL5D7KkPkug=
69,22,THe9UKncDs8k0Z5hQ9UFcqFZhBo=,GpsL++dH8AsNhpptfUg7PxNRmNo=
64,25,THe9UKncDs8k0Z5hQ9UFcqFZhBo=,WeS1j1h0kb17M44nipMxdQ6EVnQ=
66,26,THe9UKncDs8k0Z5hQ9UFcqFZhBo=,WeS1j1h0kb17M44nipMxdQ6EVnQ=
76,31,THe9UKncDs8k0Z5hQ9UFcqFZhBo=,NVhIzlMif5rOy+hpnL5D7KkPkug=
67,17,THe9UKncDs8k0Z5hQ9UFcqFZhBo=,oOk69b2MGVUmkP7zvtRoyATzLoE=
67,24,THe9UKncDs8k0Z5hQ9UFcqFZhBo=,WeS1j1h0kb17M44nipMxdQ6EVnQ=
69,23,THe9UKncDs8k0Z5hQ9UFcqFZhBo=,GpsL++dH8AsNhpptfUg7PxNRmNo=
65,24,THe9UKncDs8k0Z5hQ9UFcqFZhBo=,WeS1j1h0kb17M44nipMxdQ6EVnQ=
68,25,THe9UKncDs8k0Z5hQ9UFcqFZhBo=,0vDymXsVUxneyTcJF51MSZiP7y8=
67,25,THe9UKncDs8k0Z5hQ9UFcqFZhBo=,WeS1j1h0kb17M44nipMxdQ6EVnQ=
66,24,THe9UKncDs8k0Z5hQ9UFcqFZhBo=,WeS1j1h0kb17M44nipMxdQ6EVnQ=
67,26,THe9UKncDs8k0Z5hQ9UFcqFZhBo=,WeS1j1h0kb17M44nipMxdQ6EVnQ=
77,31,THe9UKncDs8k0Z5hQ9UFcqFZhBo=,NVhIzlMif5rOy+hpnL5D7KkPkug=
68,23,THe9UKncDs8k0Z5hQ9UFcqFZhBo=,GpsL++dH8AsNhpptfUg7PxNRmNo=
68,26,THe9UKncDs8k0Z5hQ9UFcqFZhBo=,0vDymXsVUxneyTcJF51MSZiP7y8=
65,25,THe9UKncDs8k0Z5hQ9UFcqFZhBo=,WeS1j1h0kb17M44nipMxdQ6EVnQ=
67,22,THe9UKncDs8k0Z5hQ9UFcqFZhBo=,ZOczEdpRDhfo4yy7azF/HSSrWzA=
66,25,THe9UKncDs8k0Z5hQ9UFcqFZhBo=,WeS1j1h0kb17M44nipMxdQ6EVnQ=
68,22,THe9UKncDs8k0Z5hQ9UFcqFZhBo=,GpsL++dH8AsNhpptfUg7PxNRmNo=
