49,-22,GjfEsPmIUTv13sYQGqC4kDGBRT8=,w2JB4HPVNDC+UZindY58d0RKQRQ=
52,-27,GjfEsPmIUTv13sYQGqC4kDGBRT8=,KRwLYvHyPHdoNhuhp44jd/tA2Gk=
54,-25,GjfEsPmIUTv13sYQGqC4kDGBRT8=,KRwLYvHyPHdoNhuhp44jd/tA2Gk=
50,-29,GjfEsPmIUTv13sYQGqC4kDGBRT8=,KRwLYvHyPHdoNhuhp44jd/tA2Gk=
51,-29,GjfEsPmIUTv13sYQGqC4kDGBRT8=,KRwLYvHyPHdoNhuhp44jd/tA2Gk=
54,-26,GjfEsPmIUTv13sYQGqC4kDGBRT8=,KRwLYvHyPHdoNhuhp44jd/tA2Gk=
52,-29,GjfEsPmIUTv13sYQGqC4kDGBRT8=,KRwLYvHyPHdoNhuhp44jd/tA2Gk=
54,-27,GjfEsPmIUTv13sYQGqC4kDGBRT8=,KRwLYvHyPHdoNhuhp44jd/tA2Gk=
55,-25,GjfEsPmIUTv13sYQGqC4kDGBRT8=,KRwLYvHyPHdoNhuhp44jd/tA2Gk=
53,-27,GjfEsPmIUTv13sYQGqC4kDGBRT8=,KRwLYvHyPHdoNhuhp44jd/tA2Gk=
55,-26,GjfEsPmIUTv13sYQGqC4kDGBRT8=,KRwLYvHyPHdoNhuhp44jd/tA2Gk=
49,-24,GjfEsPmIUTv13sYQGqC4kDGBRT8=,w2JB4HPVNDC+UZindY58d0RKQRQ=
50,-24,GjfEsPmIUTv13sYQGqC4kDGBRT8=,w2JB4HPVNDC+UZindY58d0RKQRQ=
51,-24,GjfEsPmIUTv13sYQGqC4kDGBRT8=,w2JB4HPVNDC+UZindY58d0RKQRQ=
52,-24,GjfEsPmIUTv13sYQGqC4kDGBRT8=,w2JB4HPVNDC+UZindY58d0RKQRQ=
52,-28,GjfEsPmIUTv13sYQGqC4kDGBRT8=,KRwLYvHyPHdoNhuhp44jd/tA2Gk=
53,-24,GjfEsPmIUTv13sYQGqC4kDGBRT8=,w2JB4HPVNDC+UZindY58d0RKQRQ=
53,-28,GjfEsPmIUTv13sYQGqC4kDGBRT8=,KRwLYvHyPHdoNhuhp44jd/tA2Gk=
49,-25,GjfEsPmIUTv13sYQGqC4kDGBRT8=,KRwLYvHyPHdoNhuhp44jd/tA2Gk=
55,-27,GjfEsPmIUTv13sYQGqC4kDGBRT8=,KRwLYvHyPHdoNhuhp44jd/tA2Gk=
50,-30,GjfEsPmIUTv13sYQGqC4kDGBRT8=,KRwLYvHyPHdoNhuhp44jd/tA2Gk=
50,-25,GjfEsPmIUTv13sYQGqC4kDGBRT8=,KRwLYvHyPHdoNhuhp44jd/tA2Gk=
48,-26,GjfEsPmIUTv13sYQGqC4kDGBRT8=,KRwLYvHyPHdoNhuhp44jd/tA2Gk=
51,-30,GjfEsPmIUTv13sYQGqC4kDGBRT8=,KRwLYvHyPHdoNhuhp44jd/tA2Gk=
54,-24,GjfEsPmIUTv13sYQGqC4kDGBRT8=,w2JB4HPVNDC+UZindY58d0RKQRQ=
53,-29,GjfEsPmIUTv13sYQGqC4kDGBRT8=,KRwLYvHyPHdoNhuhp44jd/tA2Gk=
54,-28,GjfEsPmIUTv13sYQGqC4kDGBRT8=,KRwLYvHyPHdoNhuhp44jd/tA2Gk=
55,-24,GjfEsPmIUTv13sYQGqC4kDGBRT8=,w2JB4HPVNDC+UZindY58d0RKQRQ=
55,-28,GjfEsPmIUTv13sYQGqC4kDGBRT8=,KRwLYvHyPHdoNhuhp44jd/tA2Gk=
54,-29,GjfEsPmIUTv13sYQGqC4kDGBRT8=,KRwLYvHyPHdoNhuhp44jd/tA2Gk=
55,-29,GjfEsPmIUTv13sYQGqC4kDGBRT8=,KRwLYvHyPHdoNhuhp44jd/tA2Gk=
52,-30,GjfEsPmIUTv13sYQGqC4kDGBRT8=,KRwLYvHyPHdoNhuhp44jd/tA2Gk=
48,-27,GjfEsPmIUTv13sYQGqC4kDGBRT8=,KRwLYvHyPHdoNhuhp44jd/tA2Gk=
48,-28,GjfEsPmIUTv13sYQGqC4kDGBRT8=,KRwLYvHyPHdoNhuhp44jd/tA2Gk=
49,-27,GjfEsPmIUTv13sYQGqC4kDGBRT8=,KRwLYvHyPHdoNhuhp44jd/tA2Gk=
49,-28,GjfEsPmIUTv13sYQGqC4kDGBRT8=,KRwLYvHyPHdoNhuhp44jd/tA2Gk=
51,-25,GjfEsPmIUTv13sYQGqC4kDGBRT8=,KRwLYvHyPHdoNhuhp44jd/tA2Gk=
50,-28,GjfEsPmIUTv13sYQGqC4kDGBRT8=,KRwLYvHyPHdoNhuhp44jd/tA2Gk=
51,-28,GjfEsPmIUTv13sYQGqC4kDGBRT8=,KRwLYvHyPHdoNhuhp44jd/tA2Gk=
53,-30,GjfEsPmIUTv13sYQGqC4kDGBRT8=,KRwLYvHyPHdoNhuhp44jd/tA2Gk=
50,-27,GjfEsPmIUTv13sYQGqC4kDGBRT8=,KRwLYvHyPHdoNhuhp44jd/tA2Gk=
50,-31,GjfEsPmIUTv13sYQGqC4kDGBRT8=,KRwLYvHyPHdoNhuhp44jd/tA2Gk=
52,-31,GjfEsPmIUTv13sYQGqC4kDGBRT8=,KRwLYvHyPHdoNhuhp44jd/tA2Gk=
51,-31,GjfEsPmIUTv13sYQGqC4kDGBRT8=,KRwLYvHyPHdoNhuhp44jd/tA2Gk=
53,-31,GjfEsPmIUTv13sYQGqC4kDGBRT8=,KRwLYvHyPHdoNhuhp44jd/tA2Gk=
54,-31,GjfEsPmIUTv13sYQGqC4kDGBRT8=,KRwLYvHyPHdoNhuhp44jd/tA2Gk=
55,-31,GjfEsPmIUTv13sYQGqC4kDGBRT8=,KRwLYvHyPHdoNhuhp44jd/tA2Gk=
48,-30,GjfEsPmIUTv13sYQGqC4kDGBRT8=,KRwLYvHyPHdoNhuhp44jd/tA2Gk=
49,-26,GjfEsPmIUTv13sYQGqC4kDGBRT8=,KRwLYvHyPHdoNhuhp44jd/tA2Gk=
49,-30,GjfEsPmIUTv13sYQGqC4kDGBRT8=,KRwLYvHyPHdoNhuhp44jd/tA2Gk=
54,-30,GjfEsPmIUTv13sYQGqC4kDGBRT8=,KRwLYvHyPHdoNhuhp44jd/tA2Gk=
52,-25,GjfEsPmIUTv13sYQGqC4kDGBRT8=,KRwLYvHyPHdoNhuhp44jd/tA2Gk=
55,-30,GjfEsPmIUTv13sYQGqC4kDGBRT8=,KRwLYvHyPHdoNhuhp44jd/tA2Gk=
50,-26,GjfEsPmIUTv13sYQGqC4kDGBRT8=,KRwLYvHyPHdoNhuhp44jd/tA2Gk=
51,-26,GjfEsPmIUTv13sYQGqC4kDGBRT8=,KRwLYvHyPHdoNhuhp44jd/tA2Gk=
52,-26,GjfEsPmIUTv13sYQGqC4kDGBRT8=,KRwLYvHyPHdoNhuhp44jd/tA2Gk=
48,-29,GjfEsPmIUTv13sYQGqC4kDGBRT8=,KRwLYvHyPHdoNhuhp44jd/tA2Gk=
49,-31,GjfEsPmIUTv13sYQGqC4kDGBRT8=,KRwLYvHyPHdoNhuhp44jd/tA2Gk=
51,-27,GjfEsPmIUTv13sYQGqC4kDGBRT8=,KRwLYvHyPHdoNhuhp44jd/tA2Gk=
53,-26,GjfEsPmIUTv13sYQGqC4kDGBRT8=,KRwLYvHyPHdoNhuhp44jd/tA2Gk=
53,-25,GjfEsPmIUTv13sYQGqC4kDGBRT8=,KRwLYvHyPHdoNhuhp44jd/tA2Gk=
49,-29,GjfEsPmIUTv13sYQGqC4kDGBRT8=,KRwLYvHyPHdoNhuhp44jd/tA2Gk=
49,-17,GjfEsPmIUTv13sYQGqC4kDGBRT8=,w2JB4HPVNDC+UZindY58d0RKQRQ=
50,-17,GjfEsPmIUTv13sYQGqC4kDGBRT8=,w2JB4HPVNDC+UZindY58d0RKQRQ=
52,-17,GjfEsPmIUTv13sYQGqC4kDGBRT8=,w2JB4HPVNDC+UZindY58d0RKQRQ=
51,-17,GjfEsPmIUTv13sYQGqC4kDGBRT8=,w2JB4HPVNDC+UZindY58d0RKQRQ=
53,-17,GjfEsPmIUTv13sYQGqC4kDGBRT8=,w2JB4HPVNDC+UZindY58d0RKQRQ=
54,-17,GjfEsPmIUTv13sYQGqC4kDGBRT8=,w2JB4HPVNDC+UZindY58d0RKQRQ=
55,-23,GjfEsPmIUTv13sYQGqC4kDGBRT8=,w2JB4HPVNDC+UZindY58d0RKQRQ=
54,-23,GjfEsPmIUTv13sYQGqC4kDGBRT8=,w2JB4HPVNDC+UZindY58d0RKQRQ=
53,-23,GjfEsPmIUTv13sYQGqC4kDGBRT8=,w2JB4HPVNDC+UZindY58d0RKQRQ=
52,-23,GjfEsPmIUTv13sYQGqC4kDGBRT8=,w2JB4HPVNDC+UZindY58d0RKQRQ=
55,-18,GjfEsPmIUTv13sYQGqC4kDGBRT8=,w2JB4HPVNDC+UZindY58d0RKQRQ=
54,-18,GjfEsPmIUTv13sYQGqC4kDGBRT8=,w2JB4HPVNDC+UZindY58d0RKQRQ=
53,-18,GjfEsPmIUTv13sYQGqC4kDGBRT8=,w2JB4HPVNDC+UZindY58d0RKQRQ=
52,-18,GjfEsPmIUTv13sYQGqC4kDGBRT8=,w2JB4HPVNDC+UZindY58d0RKQRQ=
51,-18,GjfEsPmIUTv13sYQGqC4kDGBRT8=,w2JB4HPVNDC+UZindY58d0RKQRQ=
51,-23,GjfEsPmIUTv13sYQGqC4kDGBRT8=,w2JB4HPVNDC+UZindY58d0RKQRQ=
50,-18,GjfEsPmIUTv13sYQGqC4kDGBRT8=,w2JB4HPVNDC+UZindY58d0RKQRQ=
49,-18,GjfEsPmIUTv13sYQGqC4kDGBRT8=,w2JB4HPVNDC+UZindY58d0RKQRQ=
55,-19,GjfEsPmIUTv13sYQGqC4kDGBRT8=,w2JB4HPVNDC+UZindY58d0RKQRQ=
54,-19,GjfEsPmIUTv13sYQGqC4kDGBRT8=,w2JB4HPVNDC+UZindY58d0RKQRQ=
53,-19,GjfEsPmIUTv13sYQGqC4kDGBRT8=,w2JB4HPVNDC+UZindY58d0RKQRQ=
52,-19,GjfEsPmIUTv13sYQGqC4kDGBRT8=,w2JB4HPVNDC+UZindY58d0RKQRQ=
50,-23,GjfEsPmIUTv13sYQGqC4kDGBRT8=,w2JB4HPVNDC+UZindY58d0RKQRQ=
49,-23,GjfEsPmIUTv13sYQGqC4kDGBRT8=,w2JB4HPVNDC+UZindY58d0RKQRQ=
51,-19,GjfEsPmIUTv13sYQGqC4kDGBRT8=,w2JB4HPVNDC+UZindY58d0RKQRQ=
50,-19,GjfEsPmIUTv13sYQGqC4kDGBRT8=,w2JB4HPVNDC+UZindY58d0RKQRQ=
49,-19,GjfEsPmIUTv13sYQGqC4kDGBRT8=,w2JB4HPVNDC+UZindY58d0RKQRQ=
55,-20,GjfEsPmIUTv13sYQGqC4kDGBRT8=,w2JB4HPVNDC+UZindY58d0RKQRQ=
54,-20,GjfEsPmIUTv13sYQGqC4kDGBRT8=,w2JB4HPVNDC+UZindY58d0RKQRQ=
53,-20,GjfEsPmIUTv13sYQGqC4kDGBRT8=,w2JB4HPVNDC+UZindY58d0RKQRQ=
52,-20,GjfEsPmIUTv13sYQGqC4kDGBRT8=,w2JB4HPVNDC+UZindY58d0RKQRQ=
49,-20,GjfEsPmIUTv13sYQGqC4kDGBRT8=,w2JB4HPVNDC+UZindY58d0RKQRQ=
51,-20,GjfEsPmIUTv13sYQGqC4kDGBRT8=,w2JB4HPVNDC+UZindY58d0RKQRQ=
55,-21,GjfEsPmIUTv13sYQGqC4kDGBRT8=,w2JB4HPVNDC+UZindY58d0RKQRQ=
54,-21,GjfEsPmIUTv13sYQGqC4kDGBRT8=,w2JB4HPVNDC+UZindY58d0RKQRQ=
50,-20,GjfEsPmIUTv13sYQGqC4kDGBRT8=,w2JB4HPVNDC+UZindY58d0RKQRQ=
53,-21,GjfEsPmIUTv13sYQGqC4kDGBRT8=,w2JB4HPVNDC+UZindY58d0RKQRQ=
52,-21,GjfEsPmIUTv13sYQGqC4kDGBRT8=,w2JB4HPVNDC+UZindY58d0RKQRQ=
51,-21,GjfEsPmIUTv13sYQGqC4kDGBRT8=,w2JB4HPVNDC+UZindY58d0RKQRQ=
50,-21,GjfEsPmIUTv13sYQGqC4kDGBRT8=,w2JB4HPVNDC+UZindY58d0RKQRQ=
49,-21,GjfEsPmIUTv13sYQGqC4kDGBRT8=,w2JB4HPVNDC+UZindY58d0RKQRQ=
55,-22,GjfEsPmIUTv13sYQGqC4kDGBRT8=,w2JB4HPVNDC+UZindY58d0RKQRQ=
54,-22,GjfEsPmIUTv13sYQGqC4kDGBRT8=,w2JB4HPVNDC+UZindY58d0RKQRQ=
53,-22,GjfEsPmIUTv13sYQGqC4kDGBRT8=,w2JB4HPVNDC+UZindY58d0RKQRQ=
52,-22,GjfEsPmIUTv13sYQGqC4kDGBRT8=,w2JB4HPVNDC+UZindY58d0RKQRQ=
51,-22,GjfEsPmIUTv13sYQGqC4kDGBRT8=,w2JB4HPVNDC+UZindY58d0RKQRQ=
50,-22,GjfEsPmIUTv13sYQGqC4kDGBRT8=,w2JB4HPVNDC+UZindY58d0RKQRQ=
55,-17,GjfEsPmIUTv13sYQGqC4kDGBRT8=,w2JB4HPVNDC+UZindY58d0RKQRQ=
50,-32,GjfEsPmIUTv13sYQGqC4kDGBRT8=,KRwLYvHyPHdoNhuhp44jd/tA2Gk=
52,-32,GjfEsPmIUTv13sYQGqC4kDGBRT8=,KRwLYvHyPHdoNhuhp44jd/tA2Gk=
51,-32,GjfEsPmIUTv13sYQGqC4kDGBRT8=,KRwLYvHyPHdoNhuhp44jd/tA2Gk=
54,-32,GjfEsPmIUTv13sYQGqC4kDGBRT8=,KRwLYvHyPHdoNhuhp44jd/tA2Gk=
53,-32,GjfEsPmIUTv13sYQGqC4kDGBRT8=,KRwLYvHyPHdoNhuhp44jd/tA2Gk=
55,-32,GjfEsPmIUTv13sYQGqC4kDGBRT8=,KRwLYvHyPHdoNhuhp44jd/tA2Gk=
48,-17,GjfEsPmIUTv13sYQGqC4kDGBRT8=,w2JB4HPVNDC+UZindY58d0RKQRQ=
48,-22,GjfEsPmIUTv13sYQGqC4kDGBRT8=,w2JB4HPVNDC+UZindY58d0RKQRQ=
48,-24,GjfEsPmIUTv13sYQGqC4kDGBRT8=,w2JB4HPVNDC+UZindY58d0RKQRQ=
48,-18,GjfEsPmIUTv13sYQGqC4kDGBRT8=,w2JB4HPVNDC+UZindY58d0RKQRQ=
48,-25,GjfEsPmIUTv13sYQGqC4kDGBRT8=,KRwLYvHyPHdoNhuhp44jd/tA2Gk=
48,-23,GjfEsPmIUTv13sYQGqC4kDGBRT8=,w2JB4HPVNDC+UZindY58d0RKQRQ=
48,-31,GjfEsPmIUTv13sYQGqC4kDGBRT8=,KRwLYvHyPHdoNhuhp44jd/tA2Gk=
49,-32,GjfEsPmIUTv13sYQGqC4kDGBRT8=,KRwLYvHyPHdoNhuhp44jd/tA2Gk=
48,-21,GjfEsPmIUTv13sYQGqC4kDGBRT8=,w2JB4HPVNDC+UZindY58d0RKQRQ=
48,-19,GjfEsPmIUTv13sYQGqC4kDGBRT8=,w2JB4HPVNDC+UZindY58d0RKQRQ=
48,-20,GjfEsPmIUTv13sYQGqC4kDGBRT8=,w2JB4HPVNDC+UZindY58d0RKQRQ=
48,-32,GjfEsPmIUTv13sYQGqC4kDGBRT8=,KRwLYvHyPHdoNhuhp44jd/tA2Gk=
40,-26,Lkpc0o7x0ImazOSSE6jsRVu09QQ=,yQ0nWD8VQVDlmXz7lVFMzRy9YuY=
41,-26,Lkpc0o7x0ImazOSSE6jsRVu09QQ=,yQ0nWD8VQVDlmXz7lVFMzRy9YuY=
41,-32,GTHw03LqesIv4A0HCVrcjTXWVZI=,yQ0nWD8VQVDlmXz7lVFMzRy9YuY=
42,-32,GTHw03LqesIv4A0HCVrcjTXWVZI=,yQ0nWD8VQVDlmXz7lVFMzRy9YuY=
43,-32,GTHw03LqesIv4A0HCVrcjTXWVZI=,yQ0nWD8VQVDlmXz7lVFMzRy9YuY=
44,-32,GTHw03LqesIv4A0HCVrcjTXWVZI=,yQ0nWD8VQVDlmXz7lVFMzRy9YuY=
45,-32,GTHw03LqesIv4A0HCVrcjTXWVZI=,yQ0nWD8VQVDlmXz7lVFMzRy9YuY=
47,-27,GTHw03LqesIv4A0HCVrcjTXWVZI=,yQ0nWD8VQVDlmXz7lVFMzRy9YuY=
46,-27,GTHw03LqesIv4A0HCVrcjTXWVZI=,yQ0nWD8VQVDlmXz7lVFMzRy9YuY=
40,-32,GTHw03LqesIv4A0HCVrcjTXWVZI=,yQ0nWD8VQVDlmXz7lVFMzRy9YuY=
45,-27,GTHw03LqesIv4A0HCVrcjTXWVZI=,yQ0nWD8VQVDlmXz7lVFMzRy9YuY=
44,-27,GTHw03LqesIv4A0HCVrcjTXWVZI=,yQ0nWD8VQVDlmXz7lVFMzRy9YuY=
43,-27,GTHw03LqesIv4A0HCVrcjTXWVZI=,yQ0nWD8VQVDlmXz7lVFMzRy9YuY=
42,-27,GTHw03LqesIv4A0HCVrcjTXWVZI=,yQ0nWD8VQVDlmXz7lVFMzRy9YuY=
41,-27,GTHw03LqesIv4A0HCVrcjTXWVZI=,yQ0nWD8VQVDlmXz7lVFMzRy9YuY=
40,-27,GTHw03LqesIv4A0HCVrcjTXWVZI=,yQ0nWD8VQVDlmXz7lVFMzRy9YuY=
47,-28,GTHw03LqesIv4A0HCVrcjTXWVZI=,yQ0nWD8VQVDlmXz7lVFMzRy9YuY=
45,-28,GTHw03LqesIv4A0HCVrcjTXWVZI=,yQ0nWD8VQVDlmXz7lVFMzRy9YuY=
46,-28,GTHw03LqesIv4A0HCVrcjTXWVZI=,yQ0nWD8VQVDlmXz7lVFMzRy9YuY=
44,-28,GTHw03LqesIv4A0HCVrcjTXWVZI=,yQ0nWD8VQVDlmXz7lVFMzRy9YuY=
43,-28,GTHw03LqesIv4A0HCVrcjTXWVZI=,yQ0nWD8VQVDlmXz7lVFMzRy9YuY=
42,-28,GTHw03LqesIv4A0HCVrcjTXWVZI=,yQ0nWD8VQVDlmXz7lVFMzRy9YuY=
41,-28,GTHw03LqesIv4A0HCVrcjTXWVZI=,yQ0nWD8VQVDlmXz7lVFMzRy9YuY=
46,-29,GTHw03LqesIv4A0HCVrcjTXWVZI=,yQ0nWD8VQVDlmXz7lVFMzRy9YuY=
45,-29,GTHw03LqesIv4A0HCVrcjTXWVZI=,yQ0nWD8VQVDlmXz7lVFMzRy9YuY=
40,-28,GTHw03LqesIv4A0HCVrcjTXWVZI=,yQ0nWD8VQVDlmXz7lVFMzRy9YuY=
44,-29,GTHw03LqesIv4A0HCVrcjTXWVZI=,yQ0nWD8VQVDlmXz7lVFMzRy9YuY=
47,-29,GTHw03LqesIv4A0HCVrcjTXWVZI=,yQ0nWD8VQVDlmXz7lVFMzRy9YuY=
43,-29,GTHw03LqesIv4A0HCVrcjTXWVZI=,yQ0nWD8VQVDlmXz7lVFMzRy9YuY=
42,-29,GTHw03LqesIv4A0HCVrcjTXWVZI=,yQ0nWD8VQVDlmXz7lVFMzRy9YuY=
41,-29,GTHw03LqesIv4A0HCVrcjTXWVZI=,yQ0nWD8VQVDlmXz7lVFMzRy9YuY=
40,-29,GTHw03LqesIv4A0HCVrcjTXWVZI=,yQ0nWD8VQVDlmXz7lVFMzRy9YuY=
46,-30,GTHw03LqesIv4A0HCVrcjTXWVZI=,yQ0nWD8VQVDlmXz7lVFMzRy9YuY=
44,-30,GTHw03LqesIv4A0HCVrcjTXWVZI=,yQ0nWD8VQVDlmXz7lVFMzRy9YuY=
43,-30,GTHw03LqesIv4A0HCVrcjTXWVZI=,yQ0nWD8VQVDlmXz7lVFMzRy9YuY=
47,-30,GTHw03LqesIv4A0HCVrcjTXWVZI=,yQ0nWD8VQVDlmXz7lVFMzRy9YuY=
45,-30,GTHw03LqesIv4A0HCVrcjTXWVZI=,yQ0nWD8VQVDlmXz7lVFMzRy9YuY=
42,-30,GTHw03LqesIv4A0HCVrcjTXWVZI=,yQ0nWD8VQVDlmXz7lVFMzRy9YuY=
41,-30,GTHw03LqesIv4A0HCVrcjTXWVZI=,yQ0nWD8VQVDlmXz7lVFMzRy9YuY=
40,-30,GTHw03LqesIv4A0HCVrcjTXWVZI=,yQ0nWD8VQVDlmXz7lVFMzRy9YuY=
46,-31,GTHw03LqesIv4A0HCVrcjTXWVZI=,yQ0nWD8VQVDlmXz7lVFMzRy9YuY=
45,-31,GTHw03LqesIv4A0HCVrcjTXWVZI=,yQ0nWD8VQVDlmXz7lVFMzRy9YuY=
43,-31,GTHw03LqesIv4A0HCVrcjTXWVZI=,yQ0nWD8VQVDlmXz7lVFMzRy9YuY=
42,-31,GTHw03LqesIv4A0HCVrcjTXWVZI=,yQ0nWD8VQVDlmXz7lVFMzRy9YuY=
41,-31,GTHw03LqesIv4A0HCVrcjTXWVZI=,yQ0nWD8VQVDlmXz7lVFMzRy9YuY=
40,-31,GTHw03LqesIv4A0HCVrcjTXWVZI=,yQ0nWD8VQVDlmXz7lVFMzRy9YuY=
44,-31,GTHw03LqesIv4A0HCVrcjTXWVZI=,yQ0nWD8VQVDlmXz7lVFMzRy9YuY=
46,-26,GTHw03LqesIv4A0HCVrcjTXWVZI=,yQ0nWD8VQVDlmXz7lVFMzRy9YuY=
47,-26,GTHw03LqesIv4A0HCVrcjTXWVZI=,yQ0nWD8VQVDlmXz7lVFMzRy9YuY=
45,-26,GTHw03LqesIv4A0HCVrcjTXWVZI=,yQ0nWD8VQVDlmXz7lVFMzRy9YuY=
44,-26,GTHw03LqesIv4A0HCVrcjTXWVZI=,yQ0nWD8VQVDlmXz7lVFMzRy9YuY=
43,-26,GTHw03LqesIv4A0HCVrcjTXWVZI=,yQ0nWD8VQVDlmXz7lVFMzRy9YuY=
42,-26,GTHw03LqesIv4A0HCVrcjTXWVZI=,yQ0nWD8VQVDlmXz7lVFMzRy9YuY=
43,-17,GTHw03LqesIv4A0HCVrcjTXWVZI=,6Ed6lH6vES0//RZTkb/qhI+DnS8=
42,-18,GTHw03LqesIv4A0HCVrcjTXWVZI=,6Ed6lH6vES0//RZTkb/qhI+DnS8=
42,-20,GTHw03LqesIv4A0HCVrcjTXWVZI=,6Ed6lH6vES0//RZTkb/qhI+DnS8=
44,-17,GTHw03LqesIv4A0HCVrcjTXWVZI=,6Ed6lH6vES0//RZTkb/qhI+DnS8=
41,-18,GTHw03LqesIv4A0HCVrcjTXWVZI=,6Ed6lH6vES0//RZTkb/qhI+DnS8=
43,-20,GTHw03LqesIv4A0HCVrcjTXWVZI=,6Ed6lH6vES0//RZTkb/qhI+DnS8=
43,-18,GTHw03LqesIv4A0HCVrcjTXWVZI=,6Ed6lH6vES0//RZTkb/qhI+DnS8=
40,-18,GTHw03LqesIv4A0HCVrcjTXWVZI=,6Ed6lH6vES0//RZTkb/qhI+DnS8=
40,-24,GTHw03LqesIv4A0HCVrcjTXWVZI=,6Ed6lH6vES0//RZTkb/qhI+DnS8=
42,-17,GTHw03LqesIv4A0HCVrcjTXWVZI=,6Ed6lH6vES0//RZTkb/qhI+DnS8=
40,-19,GTHw03LqesIv4A0HCVrcjTXWVZI=,6Ed6lH6vES0//RZTkb/qhI+DnS8=
45,-17,GTHw03LqesIv4A0HCVrcjTXWVZI=,6Ed6lH6vES0//RZTkb/qhI+DnS8=
46,-17,GTHw03LqesIv4A0HCVrcjTXWVZI=,6Ed6lH6vES0//RZTkb/qhI+DnS8=
41,-20,GTHw03LqesIv4A0HCVrcjTXWVZI=,6Ed6lH6vES0//RZTkb/qhI+DnS8=
40,-23,GTHw03LqesIv4A0HCVrcjTXWVZI=,6Ed6lH6vES0//RZTkb/qhI+DnS8=
40,-20,GTHw03LqesIv4A0HCVrcjTXWVZI=,6Ed6lH6vES0//RZTkb/qhI+DnS8=
47,-24,GTHw03LqesIv4A0HCVrcjTXWVZI=,6Ed6lH6vES0//RZTkb/qhI+DnS8=
41,-23,GTHw03LqesIv4A0HCVrcjTXWVZI=,6Ed6lH6vES0//RZTkb/qhI+DnS8=
41,-19,GTHw03LqesIv4A0HCVrcjTXWVZI=,6Ed6lH6vES0//RZTkb/qhI+DnS8=
44,-19,GTHw03LqesIv4A0HCVrcjTXWVZI=,6Ed6lH6vES0//RZTkb/qhI+DnS8=
45,-22,GTHw03LqesIv4A0HCVrcjTXWVZI=,6Ed6lH6vES0//RZTkb/qhI+DnS8=
44,-20,GTHw03LqesIv4A0HCVrcjTXWVZI=,6Ed6lH6vES0//RZTkb/qhI+DnS8=
47,-17,GTHw03LqesIv4A0HCVrcjTXWVZI=,6Ed6lH6vES0//RZTkb/qhI+DnS8=
40,-21,GTHw03LqesIv4A0HCVrcjTXWVZI=,6Ed6lH6vES0//RZTkb/qhI+DnS8=
43,-22,GTHw03LqesIv4A0HCVrcjTXWVZI=,6Ed6lH6vES0//RZTkb/qhI+DnS8=
42,-22,GTHw03LqesIv4A0HCVrcjTXWVZI=,6Ed6lH6vES0//RZTkb/qhI+DnS8=
44,-22,GTHw03LqesIv4A0HCVrcjTXWVZI=,6Ed6lH6vES0//RZTkb/qhI+DnS8=
43,-24,GTHw03LqesIv4A0HCVrcjTXWVZI=,6Ed6lH6vES0//RZTkb/qhI+DnS8=
46,-23,GTHw03LqesIv4A0HCVrcjTXWVZI=,6Ed6lH6vES0//RZTkb/qhI+DnS8=
47,-23,GTHw03LqesIv4A0HCVrcjTXWVZI=,6Ed6lH6vES0//RZTkb/qhI+DnS8=
45,-24,GTHw03LqesIv4A0HCVrcjTXWVZI=,6Ed6lH6vES0//RZTkb/qhI+DnS8=
44,-23,GTHw03LqesIv4A0HCVrcjTXWVZI=,6Ed6lH6vES0//RZTkb/qhI+DnS8=
43,-23,GTHw03LqesIv4A0HCVrcjTXWVZI=,6Ed6lH6vES0//RZTkb/qhI+DnS8=
41,-21,GTHw03LqesIv4A0HCVrcjTXWVZI=,6Ed6lH6vES0//RZTkb/qhI+DnS8=
45,-23,GTHw03LqesIv4A0HCVrcjTXWVZI=,6Ed6lH6vES0//RZTkb/qhI+DnS8=
43,-19,GTHw03LqesIv4A0HCVrcjTXWVZI=,6Ed6lH6vES0//RZTkb/qhI+DnS8=
41,-17,GTHw03LqesIv4A0HCVrcjTXWVZI=,6Ed6lH6vES0//RZTkb/qhI+DnS8=
40,-17,GTHw03LqesIv4A0HCVrcjTXWVZI=,6Ed6lH6vES0//RZTkb/qhI+DnS8=
42,-24,GTHw03LqesIv4A0HCVrcjTXWVZI=,6Ed6lH6vES0//RZTkb/qhI+DnS8=
41,-24,GTHw03LqesIv4A0HCVrcjTXWVZI=,6Ed6lH6vES0//RZTkb/qhI+DnS8=
44,-18,GTHw03LqesIv4A0HCVrcjTXWVZI=,6Ed6lH6vES0//RZTkb/qhI+DnS8=
42,-21,GTHw03LqesIv4A0HCVrcjTXWVZI=,6Ed6lH6vES0//RZTkb/qhI+DnS8=
42,-23,GTHw03LqesIv4A0HCVrcjTXWVZI=,6Ed6lH6vES0//RZTkb/qhI+DnS8=
40,-25,GTHw03LqesIv4A0HCVrcjTXWVZI=,yQ0nWD8VQVDlmXz7lVFMzRy9YuY=
41,-22,GTHw03LqesIv4A0HCVrcjTXWVZI=,6Ed6lH6vES0//RZTkb/qhI+DnS8=
46,-24,GTHw03LqesIv4A0HCVrcjTXWVZI=,6Ed6lH6vES0//RZTkb/qhI+DnS8=
42,-19,GTHw03LqesIv4A0HCVrcjTXWVZI=,6Ed6lH6vES0//RZTkb/qhI+DnS8=
44,-24,GTHw03LqesIv4A0HCVrcjTXWVZI=,6Ed6lH6vES0//RZTkb/qhI+DnS8=
47,-25,GTHw03LqesIv4A0HCVrcjTXWVZI=,yQ0nWD8VQVDlmXz7lVFMzRy9YuY=
45,-25,GTHw03LqesIv4A0HCVrcjTXWVZI=,yQ0nWD8VQVDlmXz7lVFMzRy9YuY=
41,-25,GTHw03LqesIv4A0HCVrcjTXWVZI=,yQ0nWD8VQVDlmXz7lVFMzRy9YuY=
42,-25,GTHw03LqesIv4A0HCVrcjTXWVZI=,yQ0nWD8VQVDlmXz7lVFMzRy9YuY=
44,-25,GTHw03LqesIv4A0HCVrcjTXWVZI=,yQ0nWD8VQVDlmXz7lVFMzRy9YuY=
43,-21,GTHw03LqesIv4A0HCVrcjTXWVZI=,6Ed6lH6vES0//RZTkb/qhI+DnS8=
46,-25,GTHw03LqesIv4A0HCVrcjTXWVZI=,yQ0nWD8VQVDlmXz7lVFMzRy9YuY=
40,-22,GTHw03LqesIv4A0HCVrcjTXWVZI=,6Ed6lH6vES0//RZTkb/qhI+DnS8=
43,-25,GTHw03LqesIv4A0HCVrcjTXWVZI=,yQ0nWD8VQVDlmXz7lVFMzRy9YuY=
44,-21,GTHw03LqesIv4A0HCVrcjTXWVZI=,6Ed6lH6vES0//RZTkb/qhI+DnS8=
45,-18,GTHw03LqesIv4A0HCVrcjTXWVZI=,6Ed6lH6vES0//RZTkb/qhI+DnS8=
46,-22,GTHw03LqesIv4A0HCVrcjTXWVZI=,6Ed6lH6vES0//RZTkb/qhI+DnS8=
47,-31,GTHw03LqesIv4A0HCVrcjTXWVZI=,yQ0nWD8VQVDlmXz7lVFMzRy9YuY=
46,-18,GTHw03LqesIv4A0HCVrcjTXWVZI=,6Ed6lH6vES0//RZTkb/qhI+DnS8=
47,-18,GTHw03LqesIv4A0HCVrcjTXWVZI=,6Ed6lH6vES0//RZTkb/qhI+DnS8=
47,-22,GTHw03LqesIv4A0HCVrcjTXWVZI=,6Ed6lH6vES0//RZTkb/qhI+DnS8=
45,-21,GTHw03LqesIv4A0HCVrcjTXWVZI=,6Ed6lH6vES0//RZTkb/qhI+DnS8=
46,-32,GTHw03LqesIv4A0HCVrcjTXWVZI=,yQ0nWD8VQVDlmXz7lVFMzRy9YuY=
45,-19,GTHw03LqesIv4A0HCVrcjTXWVZI=,6Ed6lH6vES0//RZTkb/qhI+DnS8=
45,-20,GTHw03LqesIv4A0HCVrcjTXWVZI=,6Ed6lH6vES0//RZTkb/qhI+DnS8=
46,-19,GTHw03LqesIv4A0HCVrcjTXWVZI=,6Ed6lH6vES0//RZTkb/qhI+DnS8=
46,-21,GTHw03LqesIv4A0HCVrcjTXWVZI=,6Ed6lH6vES0//RZTkb/qhI+DnS8=
47,-19,GTHw03LqesIv4A0HCVrcjTXWVZI=,6Ed6lH6vES0//RZTkb/qhI+DnS8=
47,-21,GTHw03LqesIv4A0HCVrcjTXWVZI=,6Ed6lH6vES0//RZTkb/qhI+DnS8=
47,-20,GTHw03LqesIv4A0HCVrcjTXWVZI=,6Ed6lH6vES0//RZTkb/qhI+DnS8=
47,-32,GTHw03LqesIv4A0HCVrcjTXWVZI=,yQ0nWD8VQVDlmXz7lVFMzRy9YuY=
46,-20,GTHw03LqesIv4A0HCVrcjTXWVZI=,6Ed6lH6vES0//RZTkb/qhI+DnS8=
40,-14,/ERr0IRMRNNrYOUOIzOathjE4MM=,639wAh5yHfBAUp8C5P+Q+14Baw8=
47,-14,/ERr0IRMRNNrYOUOIzOathjE4MM=,639wAh5yHfBAUp8C5P+Q+14Baw8=
43,-9,/ERr0IRMRNNrYOUOIzOathjE4MM=,639wAh5yHfBAUp8C5P+Q+14Baw8=
42,-9,/ERr0IRMRNNrYOUOIzOathjE4MM=,639wAh5yHfBAUp8C5P+Q+14Baw8=
47,-15,/ERr0IRMRNNrYOUOIzOathjE4MM=,639wAh5yHfBAUp8C5P+Q+14Baw8=
43,-11,/ERr0IRMRNNrYOUOIzOathjE4MM=,639wAh5yHfBAUp8C5P+Q+14Baw8=
46,-15,/ERr0IRMRNNrYOUOIzOathjE4MM=,639wAh5yHfBAUp8C5P+Q+14Baw8=
46,-14,/ERr0IRMRNNrYOUOIzOathjE4MM=,639wAh5yHfBAUp8C5P+Q+14Baw8=
47,-16,/ERr0IRMRNNrYOUOIzOathjE4MM=,639wAh5yHfBAUp8C5P+Q+14Baw8=
41,-12,/ERr0IRMRNNrYOUOIzOathjE4MM=,639wAh5yHfBAUp8C5P+Q+14Baw8=
41,-10,/ERr0IRMRNNrYOUOIzOathjE4MM=,639wAh5yHfBAUp8C5P+Q+14Baw8=
45,-16,/ERr0IRMRNNrYOUOIzOathjE4MM=,639wAh5yHfBAUp8C5P+Q+14Baw8=
42,-11,/ERr0IRMRNNrYOUOIzOathjE4MM=,639wAh5yHfBAUp8C5P+Q+14Baw8=
41,-11,/ERr0IRMRNNrYOUOIzOathjE4MM=,639wAh5yHfBAUp8C5P+Q+14Baw8=
41,-9,/ERr0IRMRNNrYOUOIzOathjE4MM=,639wAh5yHfBAUp8C5P+Q+14Baw8=
40,-11,/ERr0IRMRNNrYOUOIzOathjE4MM=,639wAh5yHfBAUp8C5P+Q+14Baw8=
47,-13,/ERr0IRMRNNrYOUOIzOathjE4MM=,639wAh5yHfBAUp8C5P+Q+14Baw8=
40,-9,/ERr0IRMRNNrYOUOIzOathjE4MM=,639wAh5yHfBAUp8C5P+Q+14Baw8=
40,-12,/ERr0IRMRNNrYOUOIzOathjE4MM=,639wAh5yHfBAUp8C5P+Q+14Baw8=
42,-10,/ERr0IRMRNNrYOUOIzOathjE4MM=,639wAh5yHfBAUp8C5P+Q+14Baw8=
43,-16,/ERr0IRMRNNrYOUOIzOathjE4MM=,639wAh5yHfBAUp8C5P+Q+14Baw8=
46,-13,/ERr0IRMRNNrYOUOIzOathjE4MM=,639wAh5yHfBAUp8C5P+Q+14Baw8=
45,-14,/ERr0IRMRNNrYOUOIzOathjE4MM=,639wAh5yHfBAUp8C5P+Q+14Baw8=
44,-14,/ERr0IRMRNNrYOUOIzOathjE4MM=,639wAh5yHfBAUp8C5P+Q+14Baw8=
41,-16,/ERr0IRMRNNrYOUOIzOathjE4MM=,639wAh5yHfBAUp8C5P+Q+14Baw8=
45,-13,/ERr0IRMRNNrYOUOIzOathjE4MM=,639wAh5yHfBAUp8C5P+Q+14Baw8=
43,-14,/ERr0IRMRNNrYOUOIzOathjE4MM=,639wAh5yHfBAUp8C5P+Q+14Baw8=
40,-16,/ERr0IRMRNNrYOUOIzOathjE4MM=,639wAh5yHfBAUp8C5P+Q+14Baw8=
43,-12,/ERr0IRMRNNrYOUOIzOathjE4MM=,639wAh5yHfBAUp8C5P+Q+14Baw8=
40,-10,/ERr0IRMRNNrYOUOIzOathjE4MM=,639wAh5yHfBAUp8C5P+Q+14Baw8=
43,-13,/ERr0IRMRNNrYOUOIzOathjE4MM=,639wAh5yHfBAUp8C5P+Q+14Baw8=
44,-13,/ERr0IRMRNNrYOUOIzOathjE4MM=,639wAh5yHfBAUp8C5P+Q+14Baw8=
42,-12,/ERr0IRMRNNrYOUOIzOathjE4MM=,639wAh5yHfBAUp8C5P+Q+14Baw8=
46,-16,/ERr0IRMRNNrYOUOIzOathjE4MM=,639wAh5yHfBAUp8C5P+Q+14Baw8=
45,-15,/ERr0IRMRNNrYOUOIzOathjE4MM=,639wAh5yHfBAUp8C5P+Q+14Baw8=
42,-13,/ERr0IRMRNNrYOUOIzOathjE4MM=,639wAh5yHfBAUp8C5P+Q+14Baw8=
47,-9,/ERr0IRMRNNrYOUOIzOathjE4MM=,639wAh5yHfBAUp8C5P+Q+14Baw8=
43,-15,/ERr0IRMRNNrYOUOIzOathjE4MM=,639wAh5yHfBAUp8C5P+Q+14Baw8=
44,-15,/ERr0IRMRNNrYOUOIzOathjE4MM=,639wAh5yHfBAUp8C5P+Q+14Baw8=
42,-15,/ERr0IRMRNNrYOUOIzOathjE4MM=,639wAh5yHfBAUp8C5P+Q+14Baw8=
44,-16,/ERr0IRMRNNrYOUOIzOathjE4MM=,639wAh5yHfBAUp8C5P+Q+14Baw8=
41,-13,/ERr0IRMRNNrYOUOIzOathjE4MM=,639wAh5yHfBAUp8C5P+Q+14Baw8=
40,-15,/ERr0IRMRNNrYOUOIzOathjE4MM=,639wAh5yHfBAUp8C5P+Q+14Baw8=
41,-15,/ERr0IRMRNNrYOUOIzOathjE4MM=,639wAh5yHfBAUp8C5P+Q+14Baw8=
40,-13,/ERr0IRMRNNrYOUOIzOathjE4MM=,639wAh5yHfBAUp8C5P+Q+14Baw8=
41,-14,/ERr0IRMRNNrYOUOIzOathjE4MM=,639wAh5yHfBAUp8C5P+Q+14Baw8=
42,-14,/ERr0IRMRNNrYOUOIzOathjE4MM=,639wAh5yHfBAUp8C5P+Q+14Baw8=
42,-16,/ERr0IRMRNNrYOUOIzOathjE4MM=,639wAh5yHfBAUp8C5P+Q+14Baw8=
43,-10,/ERr0IRMRNNrYOUOIzOathjE4MM=,639wAh5yHfBAUp8C5P+Q+14Baw8=
47,-12,/ERr0IRMRNNrYOUOIzOathjE4MM=,639wAh5yHfBAUp8C5P+Q+14Baw8=
44,-12,/ERr0IRMRNNrYOUOIzOathjE4MM=,639wAh5yHfBAUp8C5P+Q+14Baw8=
44,-9,/ERr0IRMRNNrYOUOIzOathjE4MM=,639wAh5yHfBAUp8C5P+Q+14Baw8=
46,-9,/ERr0IRMRNNrYOUOIzOathjE4MM=,639wAh5yHfBAUp8C5P+Q+14Baw8=
47,-10,/ERr0IRMRNNrYOUOIzOathjE4MM=,639wAh5yHfBAUp8C5P+Q+14Baw8=
45,-9,/ERr0IRMRNNrYOUOIzOathjE4MM=,639wAh5yHfBAUp8C5P+Q+14Baw8=
47,-11,/ERr0IRMRNNrYOUOIzOathjE4MM=,639wAh5yHfBAUp8C5P+Q+14Baw8=
44,-11,/ERr0IRMRNNrYOUOIzOathjE4MM=,639wAh5yHfBAUp8C5P+Q+14Baw8=
44,-10,/ERr0IRMRNNrYOUOIzOathjE4MM=,639wAh5yHfBAUp8C5P+Q+14Baw8=
45,-12,/ERr0IRMRNNrYOUOIzOathjE4MM=,639wAh5yHfBAUp8C5P+Q+14Baw8=
45,-10,/ERr0IRMRNNrYOUOIzOathjE4MM=,639wAh5yHfBAUp8C5P+Q+14Baw8=
45,-11,/ERr0IRMRNNrYOUOIzOathjE4MM=,639wAh5yHfBAUp8C5P+Q+14Baw8=
46,-12,/ERr0IRMRNNrYOUOIzOathjE4MM=,639wAh5yHfBAUp8C5P+Q+14Baw8=
46,-10,/ERr0IRMRNNrYOUOIzOathjE4MM=,639wAh5yHfBAUp8C5P+Q+14Baw8=
46,-11,/ERr0IRMRNNrYOUOIzOathjE4MM=,639wAh5yHfBAUp8C5P+Q+14Baw8=
