12,17,GlaZAikXei6q8zsfLKf/lC9sbIY=,XZ9kZNPp2kV+7ls6Ju9Nn4UVB50=
15,19,GlaZAikXei6q8zsfLKf/lC9sbIY=,XZ9kZNPp2kV+7ls6Ju9Nn4UVB50=
14,19,GlaZAikXei6q8zsfLKf/lC9sbIY=,XZ9kZNPp2kV+7ls6Ju9Nn4UVB50=
15,16,GlaZAikXei6q8zsfLKf/lC9sbIY=,XZ9kZNPp2kV+7ls6Ju9Nn4UVB50=
13,19,GlaZAikXei6q8zsfLKf/lC9sbIY=,XZ9kZNPp2kV+7ls6Ju9Nn4UVB50=
12,18,GlaZAikXei6q8zsfLKf/lC9sbIY=,XZ9kZNPp2kV+7ls6Ju9Nn4UVB50=
15,18,GlaZAikXei6q8zsfLKf/lC9sbIY=,XZ9kZNPp2kV+7ls6Ju9Nn4UVB50=
15,17,GlaZAikXei6q8zsfLKf/lC9sbIY=,XZ9kZNPp2kV+7ls6Ju9Nn4UVB50=
12,16,GlaZAikXei6q8zsfLKf/lC9sbIY=,XZ9kZNPp2kV+7ls6Ju9Nn4UVB50=
14,16,GlaZAikXei6q8zsfLKf/lC9sbIY=,XZ9kZNPp2kV+7ls6Ju9Nn4UVB50=
12,19,GlaZAikXei6q8zsfLKf/lC9sbIY=,XZ9kZNPp2kV+7ls6Ju9Nn4UVB50=
13,16,GlaZAikXei6q8zsfLKf/lC9sbIY=,XZ9kZNPp2kV+7ls6Ju9Nn4UVB50=
14,17,GlaZAikXei6q8zsfLKf/lC9sbIY=,XZ9kZNPp2kV+7ls6Ju9Nn4UVB50=
13,18,GlaZAikXei6q8zsfLKf/lC9sbIY=,XZ9kZNPp2kV+7ls6Ju9Nn4UVB50=
13,17,GlaZAikXei6q8zsfLKf/lC9sbIY=,XZ9kZNPp2kV+7ls6Ju9Nn4UVB50=
14,18,GlaZAikXei6q8zsfLKf/lC9sbIY=,XZ9kZNPp2kV+7ls6Ju9Nn4UVB50=
7,9,wvyS544G95JwGrkm+LO/t5sIhjY=,31SO3H9nqktZ8lDvHynbrrxdDA8=
7,11,wvyS544G95JwGrkm+LO/t5sIhjY=,31SO3H9nqktZ8lDvHynbrrxdDA8=
6,9,wvyS544G95JwGrkm+LO/t5sIhjY=,31SO3H9nqktZ8lDvHynbrrxdDA8=
6,11,wvyS544G95JwGrkm+LO/t5sIhjY=,31SO3H9nqktZ8lDvHynbrrxdDA8=
5,9,wvyS544G95JwGrkm+LO/t5sIhjY=,31SO3H9nqktZ8lDvHynbrrxdDA8=
5,11,wvyS544G95JwGrkm+LO/t5sIhjY=,31SO3H9nqktZ8lDvHynbrrxdDA8=
4,9,wvyS544G95JwGrkm+LO/t5sIhjY=,31SO3H9nqktZ8lDvHynbrrxdDA8=
7,10,wvyS544G95JwGrkm+LO/t5sIhjY=,31SO3H9nqktZ8lDvHynbrrxdDA8=
4,11,wvyS544G95JwGrkm+LO/t5sIhjY=,31SO3H9nqktZ8lDvHynbrrxdDA8=
6,10,wvyS544G95JwGrkm+LO/t5sIhjY=,31SO3H9nqktZ8lDvHynbrrxdDA8=
5,10,wvyS544G95JwGrkm+LO/t5sIhjY=,31SO3H9nqktZ8lDvHynbrrxdDA8=
4,10,wvyS544G95JwGrkm+LO/t5sIhjY=,31SO3H9nqktZ8lDvHynbrrxdDA8=
4,5,wvyS544G95JwGrkm+LO/t5sIhjY=,5hrwGLRqKz/9yZ0MMwTzeTpQ2+k=
5,5,wvyS544G95JwGrkm+LO/t5sIhjY=,5hrwGLRqKz/9yZ0MMwTzeTpQ2+k=
4,6,wvyS544G95JwGrkm+LO/t5sIhjY=,5hrwGLRqKz/9yZ0MMwTzeTpQ2+k=
4,8,wvyS544G95JwGrkm+LO/t5sIhjY=,31SO3H9nqktZ8lDvHynbrrxdDA8=
7,4,wvyS544G95JwGrkm+LO/t5sIhjY=,5hrwGLRqKz/9yZ0MMwTzeTpQ2+k=
5,4,wvyS544G95JwGrkm+LO/t5sIhjY=,5hrwGLRqKz/9yZ0MMwTzeTpQ2+k=
6,4,wvyS544G95JwGrkm+LO/t5sIhjY=,5hrwGLRqKz/9yZ0MMwTzeTpQ2+k=
7,6,wvyS544G95JwGrkm+LO/t5sIhjY=,5hrwGLRqKz/9yZ0MMwTzeTpQ2+k=
7,5,wvyS544G95JwGrkm+LO/t5sIhjY=,5hrwGLRqKz/9yZ0MMwTzeTpQ2+k=
6,5,wvyS544G95JwGrkm+LO/t5sIhjY=,5hrwGLRqKz/9yZ0MMwTzeTpQ2+k=
7,8,wvyS544G95JwGrkm+LO/t5sIhjY=,31SO3H9nqktZ8lDvHynbrrxdDA8=
4,7,wvyS544G95JwGrkm+LO/t5sIhjY=,5hrwGLRqKz/9yZ0MMwTzeTpQ2+k=
7,7,wvyS544G95JwGrkm+LO/t5sIhjY=,5hrwGLRqKz/9yZ0MMwTzeTpQ2+k=
5,6,wvyS544G95JwGrkm+LO/t5sIhjY=,5hrwGLRqKz/9yZ0MMwTzeTpQ2+k=
4,4,wvyS544G95JwGrkm+LO/t5sIhjY=,5hrwGLRqKz/9yZ0MMwTzeTpQ2+k=
6,6,wvyS544G95JwGrkm+LO/t5sIhjY=,5hrwGLRqKz/9yZ0MMwTzeTpQ2+k=
5,8,wvyS544G95JwGrkm+LO/t5sIhjY=,31SO3H9nqktZ8lDvHynbrrxdDA8=
5,7,wvyS544G95JwGrkm+LO/t5sIhjY=,5hrwGLRqKz/9yZ0MMwTzeTpQ2+k=
6,8,wvyS544G95JwGrkm+LO/t5sIhjY=,31SO3H9nqktZ8lDvHynbrrxdDA8=
6,7,wvyS544G95JwGrkm+LO/t5sIhjY=,5hrwGLRqKz/9yZ0MMwTzeTpQ2+k=
17,18,hKVjWEGl6rpHt3Mifr6Q/hjVV4k=,dvUSsV95VG+S2pQOJnVwf1i2RvI=
18,22,hKVjWEGl6rpHt3Mifr6Q/hjVV4k=,yL2BTBAqLR7TuZlM5oKOf9Uec1M=
18,19,hKVjWEGl6rpHt3Mifr6Q/hjVV4k=,dvUSsV95VG+S2pQOJnVwf1i2RvI=
17,21,hKVjWEGl6rpHt3Mifr6Q/hjVV4k=,yL2BTBAqLR7TuZlM5oKOf9Uec1M=
17,19,hKVjWEGl6rpHt3Mifr6Q/hjVV4k=,dvUSsV95VG+S2pQOJnVwf1i2RvI=
18,21,hKVjWEGl6rpHt3Mifr6Q/hjVV4k=,yL2BTBAqLR7TuZlM5oKOf9Uec1M=
17,20,hKVjWEGl6rpHt3Mifr6Q/hjVV4k=,yL2BTBAqLR7TuZlM5oKOf9Uec1M=
17,22,hKVjWEGl6rpHt3Mifr6Q/hjVV4k=,yL2BTBAqLR7TuZlM5oKOf9Uec1M=
16,22,hKVjWEGl6rpHt3Mifr6Q/hjVV4k=,yL2BTBAqLR7TuZlM5oKOf9Uec1M=
18,20,hKVjWEGl6rpHt3Mifr6Q/hjVV4k=,yL2BTBAqLR7TuZlM5oKOf9Uec1M=
16,21,hKVjWEGl6rpHt3Mifr6Q/hjVV4k=,yL2BTBAqLR7TuZlM5oKOf9Uec1M=
17,17,hKVjWEGl6rpHt3Mifr6Q/hjVV4k=,dvUSsV95VG+S2pQOJnVwf1i2RvI=
18,17,hKVjWEGl6rpHt3Mifr6Q/hjVV4k=,dvUSsV95VG+S2pQOJnVwf1i2RvI=
18,18,hKVjWEGl6rpHt3Mifr6Q/hjVV4k=,dvUSsV95VG+S2pQOJnVwf1i2RvI=
17,23,hKVjWEGl6rpHt3Mifr6Q/hjVV4k=,yL2BTBAqLR7TuZlM5oKOf9Uec1M=
18,23,hKVjWEGl6rpHt3Mifr6Q/hjVV4k=,yL2BTBAqLR7TuZlM5oKOf9Uec1M=
17,16,hKVjWEGl6rpHt3Mifr6Q/hjVV4k=,dvUSsV95VG+S2pQOJnVwf1i2RvI=
21,22,hKVjWEGl6rpHt3Mifr6Q/hjVV4k=,3nwdTLLYEvCLfa/JcxcSzO2bLjc=
22,21,hKVjWEGl6rpHt3Mifr6Q/hjVV4k=,3nwdTLLYEvCLfa/JcxcSzO2bLjc=
18,16,hKVjWEGl6rpHt3Mifr6Q/hjVV4k=,dvUSsV95VG+S2pQOJnVwf1i2RvI=
23,21,hKVjWEGl6rpHt3Mifr6Q/hjVV4k=,3nwdTLLYEvCLfa/JcxcSzO2bLjc=
20,22,hKVjWEGl6rpHt3Mifr6Q/hjVV4k=,3nwdTLLYEvCLfa/JcxcSzO2bLjc=
22,22,hKVjWEGl6rpHt3Mifr6Q/hjVV4k=,3nwdTLLYEvCLfa/JcxcSzO2bLjc=
21,21,hKVjWEGl6rpHt3Mifr6Q/hjVV4k=,3nwdTLLYEvCLfa/JcxcSzO2bLjc=
23,22,hKVjWEGl6rpHt3Mifr6Q/hjVV4k=,3nwdTLLYEvCLfa/JcxcSzO2bLjc=
19,21,hKVjWEGl6rpHt3Mifr6Q/hjVV4k=,yL2BTBAqLR7TuZlM5oKOf9Uec1M=
20,23,hKVjWEGl6rpHt3Mifr6Q/hjVV4k=,3nwdTLLYEvCLfa/JcxcSzO2bLjc=
19,22,hKVjWEGl6rpHt3Mifr6Q/hjVV4k=,yL2BTBAqLR7TuZlM5oKOf9Uec1M=
16,23,hKVjWEGl6rpHt3Mifr6Q/hjVV4k=,yL2BTBAqLR7TuZlM5oKOf9Uec1M=
23,23,hKVjWEGl6rpHt3Mifr6Q/hjVV4k=,3nwdTLLYEvCLfa/JcxcSzO2bLjc=
19,23,hKVjWEGl6rpHt3Mifr6Q/hjVV4k=,yL2BTBAqLR7TuZlM5oKOf9Uec1M=
21,23,hKVjWEGl6rpHt3Mifr6Q/hjVV4k=,3nwdTLLYEvCLfa/JcxcSzO2bLjc=
21,20,hKVjWEGl6rpHt3Mifr6Q/hjVV4k=,3nwdTLLYEvCLfa/JcxcSzO2bLjc=
20,21,hKVjWEGl6rpHt3Mifr6Q/hjVV4k=,3nwdTLLYEvCLfa/JcxcSzO2bLjc=
22,18,hKVjWEGl6rpHt3Mifr6Q/hjVV4k=,BDt2Teko0XUiZbP/ytUlfUDr9Ms=
21,18,hKVjWEGl6rpHt3Mifr6Q/hjVV4k=,BDt2Teko0XUiZbP/ytUlfUDr9Ms=
22,23,hKVjWEGl6rpHt3Mifr6Q/hjVV4k=,3nwdTLLYEvCLfa/JcxcSzO2bLjc=
20,18,hKVjWEGl6rpHt3Mifr6Q/hjVV4k=,BDt2Teko0XUiZbP/ytUlfUDr9Ms=
20,16,hKVjWEGl6rpHt3Mifr6Q/hjVV4k=,BDt2Teko0XUiZbP/ytUlfUDr9Ms=
23,18,hKVjWEGl6rpHt3Mifr6Q/hjVV4k=,BDt2Teko0XUiZbP/ytUlfUDr9Ms=
21,16,hKVjWEGl6rpHt3Mifr6Q/hjVV4k=,BDt2Teko0XUiZbP/ytUlfUDr9Ms=
23,17,hKVjWEGl6rpHt3Mifr6Q/hjVV4k=,BDt2Teko0XUiZbP/ytUlfUDr9Ms=
19,16,hKVjWEGl6rpHt3Mifr6Q/hjVV4k=,dvUSsV95VG+S2pQOJnVwf1i2RvI=
21,19,hKVjWEGl6rpHt3Mifr6Q/hjVV4k=,BDt2Teko0XUiZbP/ytUlfUDr9Ms=
22,17,hKVjWEGl6rpHt3Mifr6Q/hjVV4k=,BDt2Teko0XUiZbP/ytUlfUDr9Ms=
22,16,hKVjWEGl6rpHt3Mifr6Q/hjVV4k=,BDt2Teko0XUiZbP/ytUlfUDr9Ms=
19,18,hKVjWEGl6rpHt3Mifr6Q/hjVV4k=,dvUSsV95VG+S2pQOJnVwf1i2RvI=
23,16,hKVjWEGl6rpHt3Mifr6Q/hjVV4k=,BDt2Teko0XUiZbP/ytUlfUDr9Ms=
23,20,hKVjWEGl6rpHt3Mifr6Q/hjVV4k=,3nwdTLLYEvCLfa/JcxcSzO2bLjc=
21,17,hKVjWEGl6rpHt3Mifr6Q/hjVV4k=,BDt2Teko0XUiZbP/ytUlfUDr9Ms=
22,20,hKVjWEGl6rpHt3Mifr6Q/hjVV4k=,3nwdTLLYEvCLfa/JcxcSzO2bLjc=
20,17,hKVjWEGl6rpHt3Mifr6Q/hjVV4k=,BDt2Teko0XUiZbP/ytUlfUDr9Ms=
23,19,hKVjWEGl6rpHt3Mifr6Q/hjVV4k=,BDt2Teko0XUiZbP/ytUlfUDr9Ms=
22,19,hKVjWEGl6rpHt3Mifr6Q/hjVV4k=,BDt2Teko0XUiZbP/ytUlfUDr9Ms=
19,17,hKVjWEGl6rpHt3Mifr6Q/hjVV4k=,dvUSsV95VG+S2pQOJnVwf1i2RvI=
16,18,hKVjWEGl6rpHt3Mifr6Q/hjVV4k=,dvUSsV95VG+S2pQOJnVwf1i2RvI=
16,16,hKVjWEGl6rpHt3Mifr6Q/hjVV4k=,dvUSsV95VG+S2pQOJnVwf1i2RvI=
16,19,hKVjWEGl6rpHt3Mifr6Q/hjVV4k=,dvUSsV95VG+S2pQOJnVwf1i2RvI=
16,20,hKVjWEGl6rpHt3Mifr6Q/hjVV4k=,yL2BTBAqLR7TuZlM5oKOf9Uec1M=
16,17,hKVjWEGl6rpHt3Mifr6Q/hjVV4k=,dvUSsV95VG+S2pQOJnVwf1i2RvI=
19,19,hKVjWEGl6rpHt3Mifr6Q/hjVV4k=,dvUSsV95VG+S2pQOJnVwf1i2RvI=
19,20,hKVjWEGl6rpHt3Mifr6Q/hjVV4k=,yL2BTBAqLR7TuZlM5oKOf9Uec1M=
20,20,hKVjWEGl6rpHt3Mifr6Q/hjVV4k=,3nwdTLLYEvCLfa/JcxcSzO2bLjc=
20,19,hKVjWEGl6rpHt3Mifr6Q/hjVV4k=,BDt2Teko0XUiZbP/ytUlfUDr9Ms=
19,9,Ecy5zeEZNSQHzNd9+hqDACaWpc0=,2FmdV26rM9FFwhfXApIlxnYPPIM=
18,11,Ecy5zeEZNSQHzNd9+hqDACaWpc0=,2FmdV26rM9FFwhfXApIlxnYPPIM=
16,9,Ecy5zeEZNSQHzNd9+hqDACaWpc0=,2FmdV26rM9FFwhfXApIlxnYPPIM=
16,10,Ecy5zeEZNSQHzNd9+hqDACaWpc0=,2FmdV26rM9FFwhfXApIlxnYPPIM=
17,10,Ecy5zeEZNSQHzNd9+hqDACaWpc0=,2FmdV26rM9FFwhfXApIlxnYPPIM=
16,8,Ecy5zeEZNSQHzNd9+hqDACaWpc0=,2FmdV26rM9FFwhfXApIlxnYPPIM=
17,8,Ecy5zeEZNSQHzNd9+hqDACaWpc0=,2FmdV26rM9FFwhfXApIlxnYPPIM=
17,11,Ecy5zeEZNSQHzNd9+hqDACaWpc0=,2FmdV26rM9FFwhfXApIlxnYPPIM=
18,9,Ecy5zeEZNSQHzNd9+hqDACaWpc0=,2FmdV26rM9FFwhfXApIlxnYPPIM=
19,8,Ecy5zeEZNSQHzNd9+hqDACaWpc0=,2FmdV26rM9FFwhfXApIlxnYPPIM=
16,11,Ecy5zeEZNSQHzNd9+hqDACaWpc0=,2FmdV26rM9FFwhfXApIlxnYPPIM=
19,10,Ecy5zeEZNSQHzNd9+hqDACaWpc0=,2FmdV26rM9FFwhfXApIlxnYPPIM=
18,8,Ecy5zeEZNSQHzNd9+hqDACaWpc0=,2FmdV26rM9FFwhfXApIlxnYPPIM=
17,9,Ecy5zeEZNSQHzNd9+hqDACaWpc0=,2FmdV26rM9FFwhfXApIlxnYPPIM=
18,10,Ecy5zeEZNSQHzNd9+hqDACaWpc0=,2FmdV26rM9FFwhfXApIlxnYPPIM=
19,11,Ecy5zeEZNSQHzNd9+hqDACaWpc0=,2FmdV26rM9FFwhfXApIlxnYPPIM=
