64,113,hlkXMmYIssfWKsAncdSO2nz/ogU=,WwspKfLjGnQCIo6fjlLyOLy2oCw=
71,116,hlkXMmYIssfWKsAncdSO2nz/ogU=,WwspKfLjGnQCIo6fjlLyOLy2oCw=
70,116,hlkXMmYIssfWKsAncdSO2nz/ogU=,WwspKfLjGnQCIo6fjlLyOLy2oCw=
71,114,hlkXMmYIssfWKsAncdSO2nz/ogU=,WwspKfLjGnQCIo6fjlLyOLy2oCw=
69,116,hlkXMmYIssfWKsAncdSO2nz/ogU=,WwspKfLjGnQCIo6fjlLyOLy2oCw=
71,115,hlkXMmYIssfWKsAncdSO2nz/ogU=,WwspKfLjGnQCIo6fjlLyOLy2oCw=
69,112,hlkXMmYIssfWKsAncdSO2nz/ogU=,WwspKfLjGnQCIo6fjlLyOLy2oCw=
70,114,hlkXMmYIssfWKsAncdSO2nz/ogU=,WwspKfLjGnQCIo6fjlLyOLy2oCw=
68,116,hlkXMmYIssfWKsAncdSO2nz/ogU=,WwspKfLjGnQCIo6fjlLyOLy2oCw=
66,116,hlkXMmYIssfWKsAncdSO2nz/ogU=,WwspKfLjGnQCIo6fjlLyOLy2oCw=
67,116,hlkXMmYIssfWKsAncdSO2nz/ogU=,WwspKfLjGnQCIo6fjlLyOLy2oCw=
71,112,hlkXMmYIssfWKsAncdSO2nz/ogU=,WwspKfLjGnQCIo6fjlLyOLy2oCw=
70,115,hlkXMmYIssfWKsAncdSO2nz/ogU=,WwspKfLjGnQCIo6fjlLyOLy2oCw=
66,112,hlkXMmYIssfWKsAncdSO2nz/ogU=,WwspKfLjGnQCIo6fjlLyOLy2oCw=
69,115,hlkXMmYIssfWKsAncdSO2nz/ogU=,WwspKfLjGnQCIo6fjlLyOLy2oCw=
71,113,hlkXMmYIssfWKsAncdSO2nz/ogU=,WwspKfLjGnQCIo6fjlLyOLy2oCw=
67,112,hlkXMmYIssfWKsAncdSO2nz/ogU=,WwspKfLjGnQCIo6fjlLyOLy2oCw=
70,112,hlkXMmYIssfWKsAncdSO2nz/ogU=,WwspKfLjGnQCIo6fjlLyOLy2oCw=
65,112,hlkXMmYIssfWKsAncdSO2nz/ogU=,WwspKfLjGnQCIo6fjlLyOLy2oCw=
69,114,hlkXMmYIssfWKsAncdSO2nz/ogU=,WwspKfLjGnQCIo6fjlLyOLy2oCw=
71,119,hlkXMmYIssfWKsAncdSO2nz/ogU=,WwspKfLjGnQCIo6fjlLyOLy2oCw=
68,114,hlkXMmYIssfWKsAncdSO2nz/ogU=,WwspKfLjGnQCIo6fjlLyOLy2oCw=
70,113,hlkXMmYIssfWKsAncdSO2nz/ogU=,WwspKfLjGnQCIo6fjlLyOLy2oCw=
68,112,hlkXMmYIssfWKsAncdSO2nz/ogU=,WwspKfLjGnQCIo6fjlLyOLy2oCw=
65,116,hlkXMmYIssfWKsAncdSO2nz/ogU=,WwspKfLjGnQCIo6fjlLyOLy2oCw=
70,119,hlkXMmYIssfWKsAncdSO2nz/ogU=,WwspKfLjGnQCIo6fjlLyOLy2oCw=
65,114,hlkXMmYIssfWKsAncdSO2nz/ogU=,WwspKfLjGnQCIo6fjlLyOLy2oCw=
69,119,hlkXMmYIssfWKsAncdSO2nz/ogU=,WwspKfLjGnQCIo6fjlLyOLy2oCw=
64,114,hlkXMmYIssfWKsAncdSO2nz/ogU=,WwspKfLjGnQCIo6fjlLyOLy2oCw=
68,119,hlkXMmYIssfWKsAncdSO2nz/ogU=,WwspKfLjGnQCIo6fjlLyOLy2oCw=
68,115,hlkXMmYIssfWKsAncdSO2nz/ogU=,WwspKfLjGnQCIo6fjlLyOLy2oCw=
67,119,hlkXMmYIssfWKsAncdSO2nz/ogU=,WwspKfLjGnQCIo6fjlLyOLy2oCw=
66,119,hlkXMmYIssfWKsAncdSO2nz/ogU=,WwspKfLjGnQCIo6fjlLyOLy2oCw=
64,119,hlkXMmYIssfWKsAncdSO2nz/ogU=,WwspKfLjGnQCIo6fjlLyOLy2oCw=
65,119,hlkXMmYIssfWKsAncdSO2nz/ogU=,WwspKfLjGnQCIo6fjlLyOLy2oCw=
70,118,hlkXMmYIssfWKsAncdSO2nz/ogU=,WwspKfLjGnQCIo6fjlLyOLy2oCw=
69,118,hlkXMmYIssfWKsAncdSO2nz/ogU=,WwspKfLjGnQCIo6fjlLyOLy2oCw=
69,113,hlkXMmYIssfWKsAncdSO2nz/ogU=,WwspKfLjGnQCIo6fjlLyOLy2oCw=
68,118,hlkXMmYIssfWKsAncdSO2nz/ogU=,WwspKfLjGnQCIo6fjlLyOLy2oCw=
68,113,hlkXMmYIssfWKsAncdSO2nz/ogU=,WwspKfLjGnQCIo6fjlLyOLy2oCw=
64,116,hlkXMmYIssfWKsAncdSO2nz/ogU=,WwspKfLjGnQCIo6fjlLyOLy2oCw=
71,118,hlkXMmYIssfWKsAncdSO2nz/ogU=,WwspKfLjGnQCIo6fjlLyOLy2oCw=
67,118,hlkXMmYIssfWKsAncdSO2nz/ogU=,WwspKfLjGnQCIo6fjlLyOLy2oCw=
65,118,hlkXMmYIssfWKsAncdSO2nz/ogU=,WwspKfLjGnQCIo6fjlLyOLy2oCw=
66,118,hlkXMmYIssfWKsAncdSO2nz/ogU=,WwspKfLjGnQCIo6fjlLyOLy2oCw=
64,118,hlkXMmYIssfWKsAncdSO2nz/ogU=,WwspKfLjGnQCIo6fjlLyOLy2oCw=
67,113,hlkXMmYIssfWKsAncdSO2nz/ogU=,WwspKfLjGnQCIo6fjlLyOLy2oCw=
70,117,hlkXMmYIssfWKsAncdSO2nz/ogU=,WwspKfLjGnQCIo6fjlLyOLy2oCw=
71,117,hlkXMmYIssfWKsAncdSO2nz/ogU=,WwspKfLjGnQCIo6fjlLyOLy2oCw=
65,115,hlkXMmYIssfWKsAncdSO2nz/ogU=,WwspKfLjGnQCIo6fjlLyOLy2oCw=
69,117,hlkXMmYIssfWKsAncdSO2nz/ogU=,WwspKfLjGnQCIo6fjlLyOLy2oCw=
64,112,hlkXMmYIssfWKsAncdSO2nz/ogU=,WwspKfLjGnQCIo6fjlLyOLy2oCw=
64,115,hlkXMmYIssfWKsAncdSO2nz/ogU=,WwspKfLjGnQCIo6fjlLyOLy2oCw=
68,117,hlkXMmYIssfWKsAncdSO2nz/ogU=,WwspKfLjGnQCIo6fjlLyOLy2oCw=
66,117,hlkXMmYIssfWKsAncdSO2nz/ogU=,WwspKfLjGnQCIo6fjlLyOLy2oCw=
67,117,hlkXMmYIssfWKsAncdSO2nz/ogU=,WwspKfLjGnQCIo6fjlLyOLy2oCw=
65,117,hlkXMmYIssfWKsAncdSO2nz/ogU=,WwspKfLjGnQCIo6fjlLyOLy2oCw=
66,113,hlkXMmYIssfWKsAncdSO2nz/ogU=,WwspKfLjGnQCIo6fjlLyOLy2oCw=
64,117,hlkXMmYIssfWKsAncdSO2nz/ogU=,WwspKfLjGnQCIo6fjlLyOLy2oCw=
65,113,hlkXMmYIssfWKsAncdSO2nz/ogU=,WwspKfLjGnQCIo6fjlLyOLy2oCw=
66,114,hlkXMmYIssfWKsAncdSO2nz/ogU=,WwspKfLjGnQCIo6fjlLyOLy2oCw=
66,115,hlkXMmYIssfWKsAncdSO2nz/ogU=,WwspKfLjGnQCIo6fjlLyOLy2oCw=
67,114,hlkXMmYIssfWKsAncdSO2nz/ogU=,WwspKfLjGnQCIo6fjlLyOLy2oCw=
67,115,hlkXMmYIssfWKsAncdSO2nz/ogU=,WwspKfLjGnQCIo6fjlLyOLy2oCw=
