45,49,Tm5lwfBiWB1jxDI4XgcYvtDvK+8=,CndeTrBLEwNJgpcsHRcqIXTMJhU=
47,50,Tm5lwfBiWB1jxDI4XgcYvtDvK+8=,CndeTrBLEwNJgpcsHRcqIXTMJhU=
46,50,Tm5lwfBiWB1jxDI4XgcYvtDvK+8=,CndeTrBLEwNJgpcsHRcqIXTMJhU=
45,50,Tm5lwfBiWB1jxDI4XgcYvtDvK+8=,CndeTrBLEwNJgpcsHRcqIXTMJhU=
47,49,Tm5lwfBiWB1jxDI4XgcYvtDvK+8=,CndeTrBLEwNJgpcsHRcqIXTMJhU=
46,49,Tm5lwfBiWB1jxDI4XgcYvtDvK+8=,CndeTrBLEwNJgpcsHRcqIXTMJhU=
44,50,Tm5lwfBiWB1jxDI4XgcYvtDvK+8=,CndeTrBLEwNJgpcsHRcqIXTMJhU=
44,49,Tm5lwfBiWB1jxDI4XgcYvtDvK+8=,CndeTrBLEwNJgpcsHRcqIXTMJhU=
45,48,Tm5lwfBiWB1jxDI4XgcYvtDvK+8=,CndeTrBLEwNJgpcsHRcqIXTMJhU=
46,48,Tm5lwfBiWB1jxDI4XgcYvtDvK+8=,CndeTrBLEwNJgpcsHRcqIXTMJhU=
47,48,Tm5lwfBiWB1jxDI4XgcYvtDvK+8=,CndeTrBLEwNJgpcsHRcqIXTMJhU=
44,48,Tm5lwfBiWB1jxDI4XgcYvtDvK+8=,CndeTrBLEwNJgpcsHRcqIXTMJhU=
44,60,Tm5lwfBiWB1jxDI4XgcYvtDvK+8=,aV+Ji8f5DvXygrehic+uNO3eAB0=
45,60,Tm5lwfBiWB1jxDI4XgcYvtDvK+8=,aV+Ji8f5DvXygrehic+uNO3eAB0=
44,62,Tm5lwfBiWB1jxDI4XgcYvtDvK+8=,aV+Ji8f5DvXygrehic+uNO3eAB0=
45,62,Tm5lwfBiWB1jxDI4XgcYvtDvK+8=,aV+Ji8f5DvXygrehic+uNO3eAB0=
46,60,Tm5lwfBiWB1jxDI4XgcYvtDvK+8=,aV+Ji8f5DvXygrehic+uNO3eAB0=
44,61,Tm5lwfBiWB1jxDI4XgcYvtDvK+8=,aV+Ji8f5DvXygrehic+uNO3eAB0=
44,63,Tm5lwfBiWB1jxDI4XgcYvtDvK+8=,aV+Ji8f5DvXygrehic+uNO3eAB0=
45,61,Tm5lwfBiWB1jxDI4XgcYvtDvK+8=,aV+Ji8f5DvXygrehic+uNO3eAB0=
46,61,Tm5lwfBiWB1jxDI4XgcYvtDvK+8=,aV+Ji8f5DvXygrehic+uNO3eAB0=
47,60,Tm5lwfBiWB1jxDI4XgcYvtDvK+8=,aV+Ji8f5DvXygrehic+uNO3eAB0=
45,63,Tm5lwfBiWB1jxDI4XgcYvtDvK+8=,aV+Ji8f5DvXygrehic+uNO3eAB0=
47,61,Tm5lwfBiWB1jxDI4XgcYvtDvK+8=,aV+Ji8f5DvXygrehic+uNO3eAB0=
44,52,Tm5lwfBiWB1jxDI4XgcYvtDvK+8=,fjTAc+OxBmrhzKA02ImgPNET3iQ=
44,51,Tm5lwfBiWB1jxDI4XgcYvtDvK+8=,CndeTrBLEwNJgpcsHRcqIXTMJhU=
44,55,Tm5lwfBiWB1jxDI4XgcYvtDvK+8=,fjTAc+OxBmrhzKA02ImgPNET3iQ=
47,55,Tm5lwfBiWB1jxDI4XgcYvtDvK+8=,fjTAc+OxBmrhzKA02ImgPNET3iQ=
44,54,Tm5lwfBiWB1jxDI4XgcYvtDvK+8=,fjTAc+OxBmrhzKA02ImgPNET3iQ=
45,55,Tm5lwfBiWB1jxDI4XgcYvtDvK+8=,fjTAc+OxBmrhzKA02ImgPNET3iQ=
44,53,Tm5lwfBiWB1jxDI4XgcYvtDvK+8=,fjTAc+OxBmrhzKA02ImgPNET3iQ=
45,54,Tm5lwfBiWB1jxDI4XgcYvtDvK+8=,fjTAc+OxBmrhzKA02ImgPNET3iQ=
45,52,Tm5lwfBiWB1jxDI4XgcYvtDvK+8=,fjTAc+OxBmrhzKA02ImgPNET3iQ=
47,54,Tm5lwfBiWB1jxDI4XgcYvtDvK+8=,fjTAc+OxBmrhzKA02ImgPNET3iQ=
46,55,Tm5lwfBiWB1jxDI4XgcYvtDvK+8=,fjTAc+OxBmrhzKA02ImgPNET3iQ=
45,51,Tm5lwfBiWB1jxDI4XgcYvtDvK+8=,CndeTrBLEwNJgpcsHRcqIXTMJhU=
47,51,Tm5lwfBiWB1jxDI4XgcYvtDvK+8=,CndeTrBLEwNJgpcsHRcqIXTMJhU=
46,51,Tm5lwfBiWB1jxDI4XgcYvtDvK+8=,CndeTrBLEwNJgpcsHRcqIXTMJhU=
46,63,Tm5lwfBiWB1jxDI4XgcYvtDvK+8=,aV+Ji8f5DvXygrehic+uNO3eAB0=
47,63,Tm5lwfBiWB1jxDI4XgcYvtDvK+8=,aV+Ji8f5DvXygrehic+uNO3eAB0=
47,62,Tm5lwfBiWB1jxDI4XgcYvtDvK+8=,aV+Ji8f5DvXygrehic+uNO3eAB0=
45,53,Tm5lwfBiWB1jxDI4XgcYvtDvK+8=,fjTAc+OxBmrhzKA02ImgPNET3iQ=
46,54,Tm5lwfBiWB1jxDI4XgcYvtDvK+8=,fjTAc+OxBmrhzKA02ImgPNET3iQ=
46,62,Tm5lwfBiWB1jxDI4XgcYvtDvK+8=,aV+Ji8f5DvXygrehic+uNO3eAB0=
46,52,Tm5lwfBiWB1jxDI4XgcYvtDvK+8=,fjTAc+OxBmrhzKA02ImgPNET3iQ=
47,53,Tm5lwfBiWB1jxDI4XgcYvtDvK+8=,fjTAc+OxBmrhzKA02ImgPNET3iQ=
46,53,Tm5lwfBiWB1jxDI4XgcYvtDvK+8=,fjTAc+OxBmrhzKA02ImgPNET3iQ=
47,52,Tm5lwfBiWB1jxDI4XgcYvtDvK+8=,fjTAc+OxBmrhzKA02ImgPNET3iQ=
56,58,ceusGz2Y1E2XyJgqkuAJkcFN2aQ=,ZeQvPPonIRahGk7VY8UN/PlJReg=
59,57,ceusGz2Y1E2XyJgqkuAJkcFN2aQ=,ZeQvPPonIRahGk7VY8UN/PlJReg=
57,56,ceusGz2Y1E2XyJgqkuAJkcFN2aQ=,ZeQvPPonIRahGk7VY8UN/PlJReg=
57,57,ceusGz2Y1E2XyJgqkuAJkcFN2aQ=,ZeQvPPonIRahGk7VY8UN/PlJReg=
56,57,ceusGz2Y1E2XyJgqkuAJkcFN2aQ=,ZeQvPPonIRahGk7VY8UN/PlJReg=
58,57,ceusGz2Y1E2XyJgqkuAJkcFN2aQ=,ZeQvPPonIRahGk7VY8UN/PlJReg=
59,58,ceusGz2Y1E2XyJgqkuAJkcFN2aQ=,ZeQvPPonIRahGk7VY8UN/PlJReg=
58,56,alUeQwecZhiYfh/w5l9hDMbcb/k=,ZeQvPPonIRahGk7VY8UN/PlJReg=
58,58,alUeQwecZhiYfh/w5l9hDMbcb/k=,ZeQvPPonIRahGk7VY8UN/PlJReg=
57,58,alUeQwecZhiYfh/w5l9hDMbcb/k=,ZeQvPPonIRahGk7VY8UN/PlJReg=
58,61,alUeQwecZhiYfh/w5l9hDMbcb/k=,g404hFAVvOCp1KbGyjLulh1yXlE=
57,62,alUeQwecZhiYfh/w5l9hDMbcb/k=,g404hFAVvOCp1KbGyjLulh1yXlE=
58,62,alUeQwecZhiYfh/w5l9hDMbcb/k=,g404hFAVvOCp1KbGyjLulh1yXlE=
50,53,alUeQwecZhiYfh/w5l9hDMbcb/k=,EgI0ILBGoSPYB2gDez1F0gXPtes=
49,54,alUeQwecZhiYfh/w5l9hDMbcb/k=,EgI0ILBGoSPYB2gDez1F0gXPtes=
50,54,alUeQwecZhiYfh/w5l9hDMbcb/k=,EgI0ILBGoSPYB2gDez1F0gXPtes=
55,55,alUeQwecZhiYfh/w5l9hDMbcb/k=,e+TkVrB3d1YAkTbNVgZPjH0nZTw=
55,54,alUeQwecZhiYfh/w5l9hDMbcb/k=,e+TkVrB3d1YAkTbNVgZPjH0nZTw=
55,53,alUeQwecZhiYfh/w5l9hDMbcb/k=,e+TkVrB3d1YAkTbNVgZPjH0nZTw=
51,54,alUeQwecZhiYfh/w5l9hDMbcb/k=,EgI0ILBGoSPYB2gDez1F0gXPtes=
54,55,alUeQwecZhiYfh/w5l9hDMbcb/k=,e+TkVrB3d1YAkTbNVgZPjH0nZTw=
53,55,alUeQwecZhiYfh/w5l9hDMbcb/k=,e+TkVrB3d1YAkTbNVgZPjH0nZTw=
54,54,alUeQwecZhiYfh/w5l9hDMbcb/k=,e+TkVrB3d1YAkTbNVgZPjH0nZTw=
56,56,alUeQwecZhiYfh/w5l9hDMbcb/k=,ZeQvPPonIRahGk7VY8UN/PlJReg=
59,60,alUeQwecZhiYfh/w5l9hDMbcb/k=,g404hFAVvOCp1KbGyjLulh1yXlE=
62,61,alUeQwecZhiYfh/w5l9hDMbcb/k=,sdoTiq5HAh5Vahf48THMGe5t828=
59,59,alUeQwecZhiYfh/w5l9hDMbcb/k=,ZeQvPPonIRahGk7VY8UN/PlJReg=
61,60,alUeQwecZhiYfh/w5l9hDMbcb/k=,sdoTiq5HAh5Vahf48THMGe5t828=
60,60,alUeQwecZhiYfh/w5l9hDMbcb/k=,sdoTiq5HAh5Vahf48THMGe5t828=
62,60,alUeQwecZhiYfh/w5l9hDMbcb/k=,sdoTiq5HAh5Vahf48THMGe5t828=
49,48,alUeQwecZhiYfh/w5l9hDMbcb/k=,FZrB1t7SdFi/+bnmG7KMQNNNsRE=
49,51,alUeQwecZhiYfh/w5l9hDMbcb/k=,FZrB1t7SdFi/+bnmG7KMQNNNsRE=
50,48,alUeQwecZhiYfh/w5l9hDMbcb/k=,FZrB1t7SdFi/+bnmG7KMQNNNsRE=
49,50,alUeQwecZhiYfh/w5l9hDMbcb/k=,FZrB1t7SdFi/+bnmG7KMQNNNsRE=
50,49,alUeQwecZhiYfh/w5l9hDMbcb/k=,FZrB1t7SdFi/+bnmG7KMQNNNsRE=
52,55,alUeQwecZhiYfh/w5l9hDMbcb/k=,e+TkVrB3d1YAkTbNVgZPjH0nZTw=
49,49,alUeQwecZhiYfh/w5l9hDMbcb/k=,FZrB1t7SdFi/+bnmG7KMQNNNsRE=
50,55,alUeQwecZhiYfh/w5l9hDMbcb/k=,EgI0ILBGoSPYB2gDez1F0gXPtes=
52,54,alUeQwecZhiYfh/w5l9hDMbcb/k=,e+TkVrB3d1YAkTbNVgZPjH0nZTw=
48,49,alUeQwecZhiYfh/w5l9hDMbcb/k=,FZrB1t7SdFi/+bnmG7KMQNNNsRE=
48,50,alUeQwecZhiYfh/w5l9hDMbcb/k=,FZrB1t7SdFi/+bnmG7KMQNNNsRE=
48,48,alUeQwecZhiYfh/w5l9hDMbcb/k=,FZrB1t7SdFi/+bnmG7KMQNNNsRE=
49,60,alUeQwecZhiYfh/w5l9hDMbcb/k=,4a6t3XHFO4vmBsG8FbEbPwgNPPM=
50,60,alUeQwecZhiYfh/w5l9hDMbcb/k=,4a6t3XHFO4vmBsG8FbEbPwgNPPM=
49,61,alUeQwecZhiYfh/w5l9hDMbcb/k=,4a6t3XHFO4vmBsG8FbEbPwgNPPM=
50,61,alUeQwecZhiYfh/w5l9hDMbcb/k=,4a6t3XHFO4vmBsG8FbEbPwgNPPM=
49,62,alUeQwecZhiYfh/w5l9hDMbcb/k=,4a6t3XHFO4vmBsG8FbEbPwgNPPM=
50,62,alUeQwecZhiYfh/w5l9hDMbcb/k=,4a6t3XHFO4vmBsG8FbEbPwgNPPM=
56,61,alUeQwecZhiYfh/w5l9hDMbcb/k=,g404hFAVvOCp1KbGyjLulh1yXlE=
51,60,alUeQwecZhiYfh/w5l9hDMbcb/k=,4a6t3XHFO4vmBsG8FbEbPwgNPPM=
51,61,alUeQwecZhiYfh/w5l9hDMbcb/k=,4a6t3XHFO4vmBsG8FbEbPwgNPPM=
56,62,alUeQwecZhiYfh/w5l9hDMbcb/k=,g404hFAVvOCp1KbGyjLulh1yXlE=
56,59,alUeQwecZhiYfh/w5l9hDMbcb/k=,ZeQvPPonIRahGk7VY8UN/PlJReg=
53,54,alUeQwecZhiYfh/w5l9hDMbcb/k=,e+TkVrB3d1YAkTbNVgZPjH0nZTw=
49,55,alUeQwecZhiYfh/w5l9hDMbcb/k=,EgI0ILBGoSPYB2gDez1F0gXPtes=
51,55,alUeQwecZhiYfh/w5l9hDMbcb/k=,EgI0ILBGoSPYB2gDez1F0gXPtes=
56,60,alUeQwecZhiYfh/w5l9hDMbcb/k=,g404hFAVvOCp1KbGyjLulh1yXlE=
52,48,alUeQwecZhiYfh/w5l9hDMbcb/k=,CwC9seHPrhlMatDVROjeHw2Y1vA=
59,61,alUeQwecZhiYfh/w5l9hDMbcb/k=,g404hFAVvOCp1KbGyjLulh1yXlE=
55,50,alUeQwecZhiYfh/w5l9hDMbcb/k=,CwC9seHPrhlMatDVROjeHw2Y1vA=
51,48,alUeQwecZhiYfh/w5l9hDMbcb/k=,FZrB1t7SdFi/+bnmG7KMQNNNsRE=
53,48,alUeQwecZhiYfh/w5l9hDMbcb/k=,CwC9seHPrhlMatDVROjeHw2Y1vA=
51,62,alUeQwecZhiYfh/w5l9hDMbcb/k=,4a6t3XHFO4vmBsG8FbEbPwgNPPM=
49,63,alUeQwecZhiYfh/w5l9hDMbcb/k=,4a6t3XHFO4vmBsG8FbEbPwgNPPM=
55,51,alUeQwecZhiYfh/w5l9hDMbcb/k=,CwC9seHPrhlMatDVROjeHw2Y1vA=
55,52,alUeQwecZhiYfh/w5l9hDMbcb/k=,e+TkVrB3d1YAkTbNVgZPjH0nZTw=
50,63,alUeQwecZhiYfh/w5l9hDMbcb/k=,4a6t3XHFO4vmBsG8FbEbPwgNPPM=
54,48,alUeQwecZhiYfh/w5l9hDMbcb/k=,CwC9seHPrhlMatDVROjeHw2Y1vA=
63,61,alUeQwecZhiYfh/w5l9hDMbcb/k=,sdoTiq5HAh5Vahf48THMGe5t828=
63,62,alUeQwecZhiYfh/w5l9hDMbcb/k=,sdoTiq5HAh5Vahf48THMGe5t828=
63,60,alUeQwecZhiYfh/w5l9hDMbcb/k=,sdoTiq5HAh5Vahf48THMGe5t828=
48,51,alUeQwecZhiYfh/w5l9hDMbcb/k=,FZrB1t7SdFi/+bnmG7KMQNNNsRE=
48,54,alUeQwecZhiYfh/w5l9hDMbcb/k=,EgI0ILBGoSPYB2gDez1F0gXPtes=
55,49,alUeQwecZhiYfh/w5l9hDMbcb/k=,CwC9seHPrhlMatDVROjeHw2Y1vA=
61,61,alUeQwecZhiYfh/w5l9hDMbcb/k=,sdoTiq5HAh5Vahf48THMGe5t828=
48,60,alUeQwecZhiYfh/w5l9hDMbcb/k=,4a6t3XHFO4vmBsG8FbEbPwgNPPM=
48,61,alUeQwecZhiYfh/w5l9hDMbcb/k=,4a6t3XHFO4vmBsG8FbEbPwgNPPM=
48,62,alUeQwecZhiYfh/w5l9hDMbcb/k=,4a6t3XHFO4vmBsG8FbEbPwgNPPM=
52,49,alUeQwecZhiYfh/w5l9hDMbcb/k=,CwC9seHPrhlMatDVROjeHw2Y1vA=
48,55,alUeQwecZhiYfh/w5l9hDMbcb/k=,EgI0ILBGoSPYB2gDez1F0gXPtes=
57,61,alUeQwecZhiYfh/w5l9hDMbcb/k=,g404hFAVvOCp1KbGyjLulh1yXlE=
48,63,alUeQwecZhiYfh/w5l9hDMbcb/k=,4a6t3XHFO4vmBsG8FbEbPwgNPPM=
54,51,alUeQwecZhiYfh/w5l9hDMbcb/k=,CwC9seHPrhlMatDVROjeHw2Y1vA=
57,63,alUeQwecZhiYfh/w5l9hDMbcb/k=,g404hFAVvOCp1KbGyjLulh1yXlE=
58,63,alUeQwecZhiYfh/w5l9hDMbcb/k=,g404hFAVvOCp1KbGyjLulh1yXlE=
59,56,alUeQwecZhiYfh/w5l9hDMbcb/k=,ZeQvPPonIRahGk7VY8UN/PlJReg=
55,48,alUeQwecZhiYfh/w5l9hDMbcb/k=,CwC9seHPrhlMatDVROjeHw2Y1vA=
58,59,alUeQwecZhiYfh/w5l9hDMbcb/k=,ZeQvPPonIRahGk7VY8UN/PlJReg=
54,49,alUeQwecZhiYfh/w5l9hDMbcb/k=,CwC9seHPrhlMatDVROjeHw2Y1vA=
51,63,alUeQwecZhiYfh/w5l9hDMbcb/k=,4a6t3XHFO4vmBsG8FbEbPwgNPPM=
56,63,alUeQwecZhiYfh/w5l9hDMbcb/k=,g404hFAVvOCp1KbGyjLulh1yXlE=
51,49,alUeQwecZhiYfh/w5l9hDMbcb/k=,FZrB1t7SdFi/+bnmG7KMQNNNsRE=
60,61,alUeQwecZhiYfh/w5l9hDMbcb/k=,sdoTiq5HAh5Vahf48THMGe5t828=
49,53,alUeQwecZhiYfh/w5l9hDMbcb/k=,EgI0ILBGoSPYB2gDez1F0gXPtes=
50,50,alUeQwecZhiYfh/w5l9hDMbcb/k=,FZrB1t7SdFi/+bnmG7KMQNNNsRE=
58,60,alUeQwecZhiYfh/w5l9hDMbcb/k=,g404hFAVvOCp1KbGyjLulh1yXlE=
62,62,alUeQwecZhiYfh/w5l9hDMbcb/k=,sdoTiq5HAh5Vahf48THMGe5t828=
51,50,alUeQwecZhiYfh/w5l9hDMbcb/k=,FZrB1t7SdFi/+bnmG7KMQNNNsRE=
54,50,alUeQwecZhiYfh/w5l9hDMbcb/k=,CwC9seHPrhlMatDVROjeHw2Y1vA=
57,59,alUeQwecZhiYfh/w5l9hDMbcb/k=,ZeQvPPonIRahGk7VY8UN/PlJReg=
53,49,alUeQwecZhiYfh/w5l9hDMbcb/k=,CwC9seHPrhlMatDVROjeHw2Y1vA=
52,50,alUeQwecZhiYfh/w5l9hDMbcb/k=,CwC9seHPrhlMatDVROjeHw2Y1vA=
54,52,alUeQwecZhiYfh/w5l9hDMbcb/k=,e+TkVrB3d1YAkTbNVgZPjH0nZTw=
50,52,alUeQwecZhiYfh/w5l9hDMbcb/k=,EgI0ILBGoSPYB2gDez1F0gXPtes=
51,53,alUeQwecZhiYfh/w5l9hDMbcb/k=,EgI0ILBGoSPYB2gDez1F0gXPtes=
48,53,alUeQwecZhiYfh/w5l9hDMbcb/k=,EgI0ILBGoSPYB2gDez1F0gXPtes=
57,60,alUeQwecZhiYfh/w5l9hDMbcb/k=,g404hFAVvOCp1KbGyjLulh1yXlE=
53,50,alUeQwecZhiYfh/w5l9hDMbcb/k=,CwC9seHPrhlMatDVROjeHw2Y1vA=
48,52,alUeQwecZhiYfh/w5l9hDMbcb/k=,EgI0ILBGoSPYB2gDez1F0gXPtes=
49,52,alUeQwecZhiYfh/w5l9hDMbcb/k=,EgI0ILBGoSPYB2gDez1F0gXPtes=
62,63,alUeQwecZhiYfh/w5l9hDMbcb/k=,sdoTiq5HAh5Vahf48THMGe5t828=
53,53,alUeQwecZhiYfh/w5l9hDMbcb/k=,e+TkVrB3d1YAkTbNVgZPjH0nZTw=
54,53,alUeQwecZhiYfh/w5l9hDMbcb/k=,e+TkVrB3d1YAkTbNVgZPjH0nZTw=
52,51,alUeQwecZhiYfh/w5l9hDMbcb/k=,CwC9seHPrhlMatDVROjeHw2Y1vA=
50,51,alUeQwecZhiYfh/w5l9hDMbcb/k=,FZrB1t7SdFi/+bnmG7KMQNNNsRE=
59,63,alUeQwecZhiYfh/w5l9hDMbcb/k=,g404hFAVvOCp1KbGyjLulh1yXlE=
61,62,alUeQwecZhiYfh/w5l9hDMbcb/k=,sdoTiq5HAh5Vahf48THMGe5t828=
59,62,alUeQwecZhiYfh/w5l9hDMbcb/k=,g404hFAVvOCp1KbGyjLulh1yXlE=
60,62,alUeQwecZhiYfh/w5l9hDMbcb/k=,sdoTiq5HAh5Vahf48THMGe5t828=
52,52,alUeQwecZhiYfh/w5l9hDMbcb/k=,e+TkVrB3d1YAkTbNVgZPjH0nZTw=
51,52,alUeQwecZhiYfh/w5l9hDMbcb/k=,EgI0ILBGoSPYB2gDez1F0gXPtes=
63,63,alUeQwecZhiYfh/w5l9hDMbcb/k=,sdoTiq5HAh5Vahf48THMGe5t828=
60,63,alUeQwecZhiYfh/w5l9hDMbcb/k=,sdoTiq5HAh5Vahf48THMGe5t828=
61,63,alUeQwecZhiYfh/w5l9hDMbcb/k=,sdoTiq5HAh5Vahf48THMGe5t828=
51,51,alUeQwecZhiYfh/w5l9hDMbcb/k=,FZrB1t7SdFi/+bnmG7KMQNNNsRE=
53,52,alUeQwecZhiYfh/w5l9hDMbcb/k=,e+TkVrB3d1YAkTbNVgZPjH0nZTw=
53,51,alUeQwecZhiYfh/w5l9hDMbcb/k=,CwC9seHPrhlMatDVROjeHw2Y1vA=
52,53,alUeQwecZhiYfh/w5l9hDMbcb/k=,e+TkVrB3d1YAkTbNVgZPjH0nZTw=
57,38,f0CBadYYTp0MXnW7Fa55Ot/wISU=,WYf2ejdGAfxexfi2jk5uAtb4vHg=
61,38,f0CBadYYTp0MXnW7Fa55Ot/wISU=,ySorgiKbfA8m6GHJJaehZmiB6h0=
62,38,f0CBadYYTp0MXnW7Fa55Ot/wISU=,ySorgiKbfA8m6GHJJaehZmiB6h0=
59,37,f0CBadYYTp0MXnW7Fa55Ot/wISU=,WYf2ejdGAfxexfi2jk5uAtb4vHg=
60,37,XeEiy+19cFlYg2piPWtRlHYd1fI=,ySorgiKbfA8m6GHJJaehZmiB6h0=
59,38,XeEiy+19cFlYg2piPWtRlHYd1fI=,WYf2ejdGAfxexfi2jk5uAtb4vHg=
61,37,XeEiy+19cFlYg2piPWtRlHYd1fI=,ySorgiKbfA8m6GHJJaehZmiB6h0=
62,37,XeEiy+19cFlYg2piPWtRlHYd1fI=,ySorgiKbfA8m6GHJJaehZmiB6h0=
56,38,XeEiy+19cFlYg2piPWtRlHYd1fI=,WYf2ejdGAfxexfi2jk5uAtb4vHg=
58,38,XeEiy+19cFlYg2piPWtRlHYd1fI=,WYf2ejdGAfxexfi2jk5uAtb4vHg=
56,37,XeEiy+19cFlYg2piPWtRlHYd1fI=,WYf2ejdGAfxexfi2jk5uAtb4vHg=
60,38,XeEiy+19cFlYg2piPWtRlHYd1fI=,ySorgiKbfA8m6GHJJaehZmiB6h0=
58,37,XeEiy+19cFlYg2piPWtRlHYd1fI=,WYf2ejdGAfxexfi2jk5uAtb4vHg=
57,37,XeEiy+19cFlYg2piPWtRlHYd1fI=,WYf2ejdGAfxexfi2jk5uAtb4vHg=
61,36,XeEiy+19cFlYg2piPWtRlHYd1fI=,ySorgiKbfA8m6GHJJaehZmiB6h0=
63,38,XeEiy+19cFlYg2piPWtRlHYd1fI=,ySorgiKbfA8m6GHJJaehZmiB6h0=
63,36,XeEiy+19cFlYg2piPWtRlHYd1fI=,ySorgiKbfA8m6GHJJaehZmiB6h0=
62,36,XeEiy+19cFlYg2piPWtRlHYd1fI=,ySorgiKbfA8m6GHJJaehZmiB6h0=
63,37,XeEiy+19cFlYg2piPWtRlHYd1fI=,ySorgiKbfA8m6GHJJaehZmiB6h0=
63,43,XeEiy+19cFlYg2piPWtRlHYd1fI=,PsvArcfFyrcPLYOLhXU33UjKQCQ=
61,43,XeEiy+19cFlYg2piPWtRlHYd1fI=,PsvArcfFyrcPLYOLhXU33UjKQCQ=
62,43,XeEiy+19cFlYg2piPWtRlHYd1fI=,PsvArcfFyrcPLYOLhXU33UjKQCQ=
62,40,XeEiy+19cFlYg2piPWtRlHYd1fI=,PsvArcfFyrcPLYOLhXU33UjKQCQ=
63,42,XeEiy+19cFlYg2piPWtRlHYd1fI=,PsvArcfFyrcPLYOLhXU33UjKQCQ=
62,42,XeEiy+19cFlYg2piPWtRlHYd1fI=,PsvArcfFyrcPLYOLhXU33UjKQCQ=
62,39,XeEiy+19cFlYg2piPWtRlHYd1fI=,ySorgiKbfA8m6GHJJaehZmiB6h0=
62,41,XeEiy+19cFlYg2piPWtRlHYd1fI=,PsvArcfFyrcPLYOLhXU33UjKQCQ=
57,39,XeEiy+19cFlYg2piPWtRlHYd1fI=,WYf2ejdGAfxexfi2jk5uAtb4vHg=
61,41,XeEiy+19cFlYg2piPWtRlHYd1fI=,PsvArcfFyrcPLYOLhXU33UjKQCQ=
61,42,XeEiy+19cFlYg2piPWtRlHYd1fI=,PsvArcfFyrcPLYOLhXU33UjKQCQ=
56,39,XeEiy+19cFlYg2piPWtRlHYd1fI=,WYf2ejdGAfxexfi2jk5uAtb4vHg=
59,43,XeEiy+19cFlYg2piPWtRlHYd1fI=,SU5daOUJMfec/fsi31VKLsKkMgw=
57,42,XeEiy+19cFlYg2piPWtRlHYd1fI=,SU5daOUJMfec/fsi31VKLsKkMgw=
60,43,XeEiy+19cFlYg2piPWtRlHYd1fI=,PsvArcfFyrcPLYOLhXU33UjKQCQ=
58,43,XeEiy+19cFlYg2piPWtRlHYd1fI=,SU5daOUJMfec/fsi31VKLsKkMgw=
60,42,XeEiy+19cFlYg2piPWtRlHYd1fI=,PsvArcfFyrcPLYOLhXU33UjKQCQ=
56,42,XeEiy+19cFlYg2piPWtRlHYd1fI=,SU5daOUJMfec/fsi31VKLsKkMgw=
57,41,XeEiy+19cFlYg2piPWtRlHYd1fI=,SU5daOUJMfec/fsi31VKLsKkMgw=
58,41,XeEiy+19cFlYg2piPWtRlHYd1fI=,SU5daOUJMfec/fsi31VKLsKkMgw=
57,43,XeEiy+19cFlYg2piPWtRlHYd1fI=,SU5daOUJMfec/fsi31VKLsKkMgw=
57,40,XeEiy+19cFlYg2piPWtRlHYd1fI=,SU5daOUJMfec/fsi31VKLsKkMgw=
58,40,XeEiy+19cFlYg2piPWtRlHYd1fI=,SU5daOUJMfec/fsi31VKLsKkMgw=
56,41,XeEiy+19cFlYg2piPWtRlHYd1fI=,SU5daOUJMfec/fsi31VKLsKkMgw=
58,39,XeEiy+19cFlYg2piPWtRlHYd1fI=,WYf2ejdGAfxexfi2jk5uAtb4vHg=
59,42,XeEiy+19cFlYg2piPWtRlHYd1fI=,SU5daOUJMfec/fsi31VKLsKkMgw=
58,42,XeEiy+19cFlYg2piPWtRlHYd1fI=,SU5daOUJMfec/fsi31VKLsKkMgw=
56,40,XeEiy+19cFlYg2piPWtRlHYd1fI=,SU5daOUJMfec/fsi31VKLsKkMgw=
56,43,XeEiy+19cFlYg2piPWtRlHYd1fI=,SU5daOUJMfec/fsi31VKLsKkMgw=
57,32,XeEiy+19cFlYg2piPWtRlHYd1fI=,Hz5ghSy5Lj9GgUhCKgY6JM7fsQY=
56,32,XeEiy+19cFlYg2piPWtRlHYd1fI=,Hz5ghSy5Lj9GgUhCKgY6JM7fsQY=
56,34,XeEiy+19cFlYg2piPWtRlHYd1fI=,Hz5ghSy5Lj9GgUhCKgY6JM7fsQY=
60,36,XeEiy+19cFlYg2piPWtRlHYd1fI=,ySorgiKbfA8m6GHJJaehZmiB6h0=
56,35,XeEiy+19cFlYg2piPWtRlHYd1fI=,Hz5ghSy5Lj9GgUhCKgY6JM7fsQY=
59,36,XeEiy+19cFlYg2piPWtRlHYd1fI=,WYf2ejdGAfxexfi2jk5uAtb4vHg=
57,34,XeEiy+19cFlYg2piPWtRlHYd1fI=,Hz5ghSy5Lj9GgUhCKgY6JM7fsQY=
57,36,XeEiy+19cFlYg2piPWtRlHYd1fI=,WYf2ejdGAfxexfi2jk5uAtb4vHg=
58,36,XeEiy+19cFlYg2piPWtRlHYd1fI=,WYf2ejdGAfxexfi2jk5uAtb4vHg=
58,34,XeEiy+19cFlYg2piPWtRlHYd1fI=,Hz5ghSy5Lj9GgUhCKgY6JM7fsQY=
56,36,XeEiy+19cFlYg2piPWtRlHYd1fI=,WYf2ejdGAfxexfi2jk5uAtb4vHg=
58,32,XeEiy+19cFlYg2piPWtRlHYd1fI=,Hz5ghSy5Lj9GgUhCKgY6JM7fsQY=
59,34,XeEiy+19cFlYg2piPWtRlHYd1fI=,Hz5ghSy5Lj9GgUhCKgY6JM7fsQY=
59,33,XeEiy+19cFlYg2piPWtRlHYd1fI=,Hz5ghSy5Lj9GgUhCKgY6JM7fsQY=
59,35,XeEiy+19cFlYg2piPWtRlHYd1fI=,Hz5ghSy5Lj9GgUhCKgY6JM7fsQY=
58,33,XeEiy+19cFlYg2piPWtRlHYd1fI=,Hz5ghSy5Lj9GgUhCKgY6JM7fsQY=
57,33,XeEiy+19cFlYg2piPWtRlHYd1fI=,Hz5ghSy5Lj9GgUhCKgY6JM7fsQY=
59,32,XeEiy+19cFlYg2piPWtRlHYd1fI=,Hz5ghSy5Lj9GgUhCKgY6JM7fsQY=
56,33,XeEiy+19cFlYg2piPWtRlHYd1fI=,Hz5ghSy5Lj9GgUhCKgY6JM7fsQY=
61,39,XeEiy+19cFlYg2piPWtRlHYd1fI=,ySorgiKbfA8m6GHJJaehZmiB6h0=
60,41,XeEiy+19cFlYg2piPWtRlHYd1fI=,PsvArcfFyrcPLYOLhXU33UjKQCQ=
59,41,XeEiy+19cFlYg2piPWtRlHYd1fI=,SU5daOUJMfec/fsi31VKLsKkMgw=
58,35,XeEiy+19cFlYg2piPWtRlHYd1fI=,Hz5ghSy5Lj9GgUhCKgY6JM7fsQY=
61,40,XeEiy+19cFlYg2piPWtRlHYd1fI=,PsvArcfFyrcPLYOLhXU33UjKQCQ=
57,35,XeEiy+19cFlYg2piPWtRlHYd1fI=,Hz5ghSy5Lj9GgUhCKgY6JM7fsQY=
63,41,XeEiy+19cFlYg2piPWtRlHYd1fI=,PsvArcfFyrcPLYOLhXU33UjKQCQ=
63,39,XeEiy+19cFlYg2piPWtRlHYd1fI=,ySorgiKbfA8m6GHJJaehZmiB6h0=
59,39,XeEiy+19cFlYg2piPWtRlHYd1fI=,WYf2ejdGAfxexfi2jk5uAtb4vHg=
59,40,XeEiy+19cFlYg2piPWtRlHYd1fI=,SU5daOUJMfec/fsi31VKLsKkMgw=
60,39,XeEiy+19cFlYg2piPWtRlHYd1fI=,ySorgiKbfA8m6GHJJaehZmiB6h0=
63,40,XeEiy+19cFlYg2piPWtRlHYd1fI=,PsvArcfFyrcPLYOLhXU33UjKQCQ=
60,40,XeEiy+19cFlYg2piPWtRlHYd1fI=,PsvArcfFyrcPLYOLhXU33UjKQCQ=
