-63,96,0JbDUhmfn6G3FgADM5tNEbUYIOc=,TibtD1cDXwiU4B9HCkNdOOZE2bY=
-62,99,0JbDUhmfn6G3FgADM5tNEbUYIOc=,TibtD1cDXwiU4B9HCkNdOOZE2bY=
-61,99,0JbDUhmfn6G3FgADM5tNEbUYIOc=,TibtD1cDXwiU4B9HCkNdOOZE2bY=
-60,97,0JbDUhmfn6G3FgADM5tNEbUYIOc=,TibtD1cDXwiU4B9HCkNdOOZE2bY=
-61,96,0JbDUhmfn6G3FgADM5tNEbUYIOc=,TibtD1cDXwiU4B9HCkNdOOZE2bY=
-59,97,0JbDUhmfn6G3FgADM5tNEbUYIOc=,TibtD1cDXwiU4B9HCkNdOOZE2bY=
-60,99,XpuL7nNswHuwf3DZr5plgcNROUc=,TibtD1cDXwiU4B9HCkNdOOZE2bY=
-60,98,XpuL7nNswHuwf3DZr5plgcNROUc=,TibtD1cDXwiU4B9HCkNdOOZE2bY=
-59,98,XpuL7nNswHuwf3DZr5plgcNROUc=,TibtD1cDXwiU4B9HCkNdOOZE2bY=
-59,99,XpuL7nNswHuwf3DZr5plgcNROUc=,TibtD1cDXwiU4B9HCkNdOOZE2bY=
-59,96,XpuL7nNswHuwf3DZr5plgcNROUc=,TibtD1cDXwiU4B9HCkNdOOZE2bY=
-50,111,XpuL7nNswHuwf3DZr5plgcNROUc=,TibtD1cDXwiU4B9HCkNdOOZE2bY=
-49,111,6vcmJU8h8YUxVvBllkCCpv6Lj3Q=,TibtD1cDXwiU4B9HCkNdOOZE2bY=
-52,111,6vcmJU8h8YUxVvBllkCCpv6Lj3Q=,TibtD1cDXwiU4B9HCkNdOOZE2bY=
-59,111,6vcmJU8h8YUxVvBllkCCpv6Lj3Q=,TibtD1cDXwiU4B9HCkNdOOZE2bY=
-53,111,6vcmJU8h8YUxVvBllkCCpv6Lj3Q=,TibtD1cDXwiU4B9HCkNdOOZE2bY=
-57,99,RhVLzz/TDtjBN3Wu0yrVspyYbBM=,TibtD1cDXwiU4B9HCkNdOOZE2bY=
-60,111,RhVLzz/TDtjBN3Wu0yrVspyYbBM=,TibtD1cDXwiU4B9HCkNdOOZE2bY=
-58,98,RhVLzz/TDtjBN3Wu0yrVspyYbBM=,TibtD1cDXwiU4B9HCkNdOOZE2bY=
-54,111,RhVLzz/TDtjBN3Wu0yrVspyYbBM=,TibtD1cDXwiU4B9HCkNdOOZE2bY=
-63,99,RhVLzz/TDtjBN3Wu0yrVspyYbBM=,TibtD1cDXwiU4B9HCkNdOOZE2bY=
-63,111,RhVLzz/TDtjBN3Wu0yrVspyYbBM=,TibtD1cDXwiU4B9HCkNdOOZE2bY=
-51,111,RhVLzz/TDtjBN3Wu0yrVspyYbBM=,TibtD1cDXwiU4B9HCkNdOOZE2bY=
-60,96,RhVLzz/TDtjBN3Wu0yrVspyYbBM=,TibtD1cDXwiU4B9HCkNdOOZE2bY=
-64,111,RhVLzz/TDtjBN3Wu0yrVspyYbBM=,TibtD1cDXwiU4B9HCkNdOOZE2bY=
-61,111,RhVLzz/TDtjBN3Wu0yrVspyYbBM=,TibtD1cDXwiU4B9HCkNdOOZE2bY=
-62,111,RhVLzz/TDtjBN3Wu0yrVspyYbBM=,TibtD1cDXwiU4B9HCkNdOOZE2bY=
-58,99,RhVLzz/TDtjBN3Wu0yrVspyYbBM=,TibtD1cDXwiU4B9HCkNdOOZE2bY=
-61,98,RhVLzz/TDtjBN3Wu0yrVspyYbBM=,TibtD1cDXwiU4B9HCkNdOOZE2bY=
-58,111,RhVLzz/TDtjBN3Wu0yrVspyYbBM=,TibtD1cDXwiU4B9HCkNdOOZE2bY=
-54,110,RhVLzz/TDtjBN3Wu0yrVspyYbBM=,TibtD1cDXwiU4B9HCkNdOOZE2bY=
-53,110,RhVLzz/TDtjBN3Wu0yrVspyYbBM=,TibtD1cDXwiU4B9HCkNdOOZE2bY=
-55,111,RhVLzz/TDtjBN3Wu0yrVspyYbBM=,TibtD1cDXwiU4B9HCkNdOOZE2bY=
-49,110,RhVLzz/TDtjBN3Wu0yrVspyYbBM=,TibtD1cDXwiU4B9HCkNdOOZE2bY=
-56,99,RhVLzz/TDtjBN3Wu0yrVspyYbBM=,TibtD1cDXwiU4B9HCkNdOOZE2bY=
-57,110,RhVLzz/TDtjBN3Wu0yrVspyYbBM=,TibtD1cDXwiU4B9HCkNdOOZE2bY=
-62,110,RhVLzz/TDtjBN3Wu0yrVspyYbBM=,TibtD1cDXwiU4B9HCkNdOOZE2bY=
-61,110,RhVLzz/TDtjBN3Wu0yrVspyYbBM=,TibtD1cDXwiU4B9HCkNdOOZE2bY=
-57,111,RhVLzz/TDtjBN3Wu0yrVspyYbBM=,TibtD1cDXwiU4B9HCkNdOOZE2bY=
-61,97,RhVLzz/TDtjBN3Wu0yrVspyYbBM=,TibtD1cDXwiU4B9HCkNdOOZE2bY=
-60,110,RhVLzz/TDtjBN3Wu0yrVspyYbBM=,TibtD1cDXwiU4B9HCkNdOOZE2bY=
-63,110,RhVLzz/TDtjBN3Wu0yrVspyYbBM=,TibtD1cDXwiU4B9HCkNdOOZE2bY=
-62,98,RhVLzz/TDtjBN3Wu0yrVspyYbBM=,TibtD1cDXwiU4B9HCkNdOOZE2bY=
-52,110,RhVLzz/TDtjBN3Wu0yrVspyYbBM=,TibtD1cDXwiU4B9HCkNdOOZE2bY=
-64,110,RhVLzz/TDtjBN3Wu0yrVspyYbBM=,TibtD1cDXwiU4B9HCkNdOOZE2bY=
-51,110,RhVLzz/TDtjBN3Wu0yrVspyYbBM=,TibtD1cDXwiU4B9HCkNdOOZE2bY=
-51,109,RhVLzz/TDtjBN3Wu0yrVspyYbBM=,TibtD1cDXwiU4B9HCkNdOOZE2bY=
-54,109,RhVLzz/TDtjBN3Wu0yrVspyYbBM=,TibtD1cDXwiU4B9HCkNdOOZE2bY=
-55,110,RhVLzz/TDtjBN3Wu0yrVspyYbBM=,TibtD1cDXwiU4B9HCkNdOOZE2bY=
-56,110,RhVLzz/TDtjBN3Wu0yrVspyYbBM=,TibtD1cDXwiU4B9HCkNdOOZE2bY=
-49,109,RhVLzz/TDtjBN3Wu0yrVspyYbBM=,TibtD1cDXwiU4B9HCkNdOOZE2bY=
-53,109,RhVLzz/TDtjBN3Wu0yrVspyYbBM=,TibtD1cDXwiU4B9HCkNdOOZE2bY=
-56,111,RhVLzz/TDtjBN3Wu0yrVspyYbBM=,TibtD1cDXwiU4B9HCkNdOOZE2bY=
-56,109,RhVLzz/TDtjBN3Wu0yrVspyYbBM=,TibtD1cDXwiU4B9HCkNdOOZE2bY=
-55,99,RhVLzz/TDtjBN3Wu0yrVspyYbBM=,TibtD1cDXwiU4B9HCkNdOOZE2bY=
-60,109,RhVLzz/TDtjBN3Wu0yrVspyYbBM=,TibtD1cDXwiU4B9HCkNdOOZE2bY=
-63,98,RhVLzz/TDtjBN3Wu0yrVspyYbBM=,TibtD1cDXwiU4B9HCkNdOOZE2bY=
-57,109,RhVLzz/TDtjBN3Wu0yrVspyYbBM=,TibtD1cDXwiU4B9HCkNdOOZE2bY=
-55,109,RhVLzz/TDtjBN3Wu0yrVspyYbBM=,TibtD1cDXwiU4B9HCkNdOOZE2bY=
-61,109,RhVLzz/TDtjBN3Wu0yrVspyYbBM=,TibtD1cDXwiU4B9HCkNdOOZE2bY=
-50,109,RhVLzz/TDtjBN3Wu0yrVspyYbBM=,TibtD1cDXwiU4B9HCkNdOOZE2bY=
-62,97,RhVLzz/TDtjBN3Wu0yrVspyYbBM=,TibtD1cDXwiU4B9HCkNdOOZE2bY=
-62,109,RhVLzz/TDtjBN3Wu0yrVspyYbBM=,TibtD1cDXwiU4B9HCkNdOOZE2bY=
-63,109,RhVLzz/TDtjBN3Wu0yrVspyYbBM=,TibtD1cDXwiU4B9HCkNdOOZE2bY=
-64,109,RhVLzz/TDtjBN3Wu0yrVspyYbBM=,TibtD1cDXwiU4B9HCkNdOOZE2bY=
-49,108,RhVLzz/TDtjBN3Wu0yrVspyYbBM=,TibtD1cDXwiU4B9HCkNdOOZE2bY=
-58,110,RhVLzz/TDtjBN3Wu0yrVspyYbBM=,TibtD1cDXwiU4B9HCkNdOOZE2bY=
-52,109,RhVLzz/TDtjBN3Wu0yrVspyYbBM=,TibtD1cDXwiU4B9HCkNdOOZE2bY=
-59,109,RhVLzz/TDtjBN3Wu0yrVspyYbBM=,TibtD1cDXwiU4B9HCkNdOOZE2bY=
-50,108,RhVLzz/TDtjBN3Wu0yrVspyYbBM=,TibtD1cDXwiU4B9HCkNdOOZE2bY=
-54,99,RhVLzz/TDtjBN3Wu0yrVspyYbBM=,TibtD1cDXwiU4B9HCkNdOOZE2bY=
-57,108,RhVLzz/TDtjBN3Wu0yrVspyYbBM=,TibtD1cDXwiU4B9HCkNdOOZE2bY=
-53,108,RhVLzz/TDtjBN3Wu0yrVspyYbBM=,TibtD1cDXwiU4B9HCkNdOOZE2bY=
-59,110,RhVLzz/TDtjBN3Wu0yrVspyYbBM=,TibtD1cDXwiU4B9HCkNdOOZE2bY=
-50,110,RhVLzz/TDtjBN3Wu0yrVspyYbBM=,TibtD1cDXwiU4B9HCkNdOOZE2bY=
-61,108,RhVLzz/TDtjBN3Wu0yrVspyYbBM=,TibtD1cDXwiU4B9HCkNdOOZE2bY=
-64,97,RhVLzz/TDtjBN3Wu0yrVspyYbBM=,TibtD1cDXwiU4B9HCkNdOOZE2bY=
-58,108,RhVLzz/TDtjBN3Wu0yrVspyYbBM=,TibtD1cDXwiU4B9HCkNdOOZE2bY=
-64,99,RhVLzz/TDtjBN3Wu0yrVspyYbBM=,TibtD1cDXwiU4B9HCkNdOOZE2bY=
-56,108,RhVLzz/TDtjBN3Wu0yrVspyYbBM=,TibtD1cDXwiU4B9HCkNdOOZE2bY=
-63,97,RhVLzz/TDtjBN3Wu0yrVspyYbBM=,TibtD1cDXwiU4B9HCkNdOOZE2bY=
-64,98,RhVLzz/TDtjBN3Wu0yrVspyYbBM=,TibtD1cDXwiU4B9HCkNdOOZE2bY=
-55,108,RhVLzz/TDtjBN3Wu0yrVspyYbBM=,TibtD1cDXwiU4B9HCkNdOOZE2bY=
-60,108,RhVLzz/TDtjBN3Wu0yrVspyYbBM=,TibtD1cDXwiU4B9HCkNdOOZE2bY=
-62,108,RhVLzz/TDtjBN3Wu0yrVspyYbBM=,TibtD1cDXwiU4B9HCkNdOOZE2bY=
-63,108,RhVLzz/TDtjBN3Wu0yrVspyYbBM=,TibtD1cDXwiU4B9HCkNdOOZE2bY=
-54,108,RhVLzz/TDtjBN3Wu0yrVspyYbBM=,TibtD1cDXwiU4B9HCkNdOOZE2bY=
-62,96,RhVLzz/TDtjBN3Wu0yrVspyYbBM=,TibtD1cDXwiU4B9HCkNdOOZE2bY=
-64,108,RhVLzz/TDtjBN3Wu0yrVspyYbBM=,TibtD1cDXwiU4B9HCkNdOOZE2bY=
-49,107,RhVLzz/TDtjBN3Wu0yrVspyYbBM=,TibtD1cDXwiU4B9HCkNdOOZE2bY=
-51,108,RhVLzz/TDtjBN3Wu0yrVspyYbBM=,TibtD1cDXwiU4B9HCkNdOOZE2bY=
-50,107,RhVLzz/TDtjBN3Wu0yrVspyYbBM=,TibtD1cDXwiU4B9HCkNdOOZE2bY=
-53,99,RhVLzz/TDtjBN3Wu0yrVspyYbBM=,TibtD1cDXwiU4B9HCkNdOOZE2bY=
-52,99,RhVLzz/TDtjBN3Wu0yrVspyYbBM=,TibtD1cDXwiU4B9HCkNdOOZE2bY=
-59,108,RhVLzz/TDtjBN3Wu0yrVspyYbBM=,TibtD1cDXwiU4B9HCkNdOOZE2bY=
-53,107,RhVLzz/TDtjBN3Wu0yrVspyYbBM=,TibtD1cDXwiU4B9HCkNdOOZE2bY=
-58,109,RhVLzz/TDtjBN3Wu0yrVspyYbBM=,TibtD1cDXwiU4B9HCkNdOOZE2bY=
-52,107,RhVLzz/TDtjBN3Wu0yrVspyYbBM=,TibtD1cDXwiU4B9HCkNdOOZE2bY=
-51,99,RhVLzz/TDtjBN3Wu0yrVspyYbBM=,TibtD1cDXwiU4B9HCkNdOOZE2bY=
-51,107,RhVLzz/TDtjBN3Wu0yrVspyYbBM=,TibtD1cDXwiU4B9HCkNdOOZE2bY=
-58,107,RhVLzz/TDtjBN3Wu0yrVspyYbBM=,TibtD1cDXwiU4B9HCkNdOOZE2bY=
-49,97,RhVLzz/TDtjBN3Wu0yrVspyYbBM=,TibtD1cDXwiU4B9HCkNdOOZE2bY=
-59,107,RhVLzz/TDtjBN3Wu0yrVspyYbBM=,TibtD1cDXwiU4B9HCkNdOOZE2bY=
-50,96,RhVLzz/TDtjBN3Wu0yrVspyYbBM=,TibtD1cDXwiU4B9HCkNdOOZE2bY=
-60,107,RhVLzz/TDtjBN3Wu0yrVspyYbBM=,TibtD1cDXwiU4B9HCkNdOOZE2bY=
-50,97,RhVLzz/TDtjBN3Wu0yrVspyYbBM=,TibtD1cDXwiU4B9HCkNdOOZE2bY=
-49,98,RhVLzz/TDtjBN3Wu0yrVspyYbBM=,TibtD1cDXwiU4B9HCkNdOOZE2bY=
-57,107,RhVLzz/TDtjBN3Wu0yrVspyYbBM=,TibtD1cDXwiU4B9HCkNdOOZE2bY=
-49,96,RhVLzz/TDtjBN3Wu0yrVspyYbBM=,TibtD1cDXwiU4B9HCkNdOOZE2bY=
-61,107,RhVLzz/TDtjBN3Wu0yrVspyYbBM=,TibtD1cDXwiU4B9HCkNdOOZE2bY=
-63,107,RhVLzz/TDtjBN3Wu0yrVspyYbBM=,TibtD1cDXwiU4B9HCkNdOOZE2bY=
-62,107,RhVLzz/TDtjBN3Wu0yrVspyYbBM=,TibtD1cDXwiU4B9HCkNdOOZE2bY=
-64,107,RhVLzz/TDtjBN3Wu0yrVspyYbBM=,TibtD1cDXwiU4B9HCkNdOOZE2bY=
-56,107,RhVLzz/TDtjBN3Wu0yrVspyYbBM=,TibtD1cDXwiU4B9HCkNdOOZE2bY=
-50,99,RhVLzz/TDtjBN3Wu0yrVspyYbBM=,TibtD1cDXwiU4B9HCkNdOOZE2bY=
-52,106,RhVLzz/TDtjBN3Wu0yrVspyYbBM=,TibtD1cDXwiU4B9HCkNdOOZE2bY=
-52,108,RhVLzz/TDtjBN3Wu0yrVspyYbBM=,TibtD1cDXwiU4B9HCkNdOOZE2bY=
-50,106,RhVLzz/TDtjBN3Wu0yrVspyYbBM=,TibtD1cDXwiU4B9HCkNdOOZE2bY=
-56,106,RhVLzz/TDtjBN3Wu0yrVspyYbBM=,TibtD1cDXwiU4B9HCkNdOOZE2bY=
-51,96,RhVLzz/TDtjBN3Wu0yrVspyYbBM=,TibtD1cDXwiU4B9HCkNdOOZE2bY=
-49,106,RhVLzz/TDtjBN3Wu0yrVspyYbBM=,TibtD1cDXwiU4B9HCkNdOOZE2bY=
-55,106,RhVLzz/TDtjBN3Wu0yrVspyYbBM=,TibtD1cDXwiU4B9HCkNdOOZE2bY=
-51,106,RhVLzz/TDtjBN3Wu0yrVspyYbBM=,TibtD1cDXwiU4B9HCkNdOOZE2bY=
-51,97,RhVLzz/TDtjBN3Wu0yrVspyYbBM=,TibtD1cDXwiU4B9HCkNdOOZE2bY=
-50,98,RhVLzz/TDtjBN3Wu0yrVspyYbBM=,TibtD1cDXwiU4B9HCkNdOOZE2bY=
-53,106,RhVLzz/TDtjBN3Wu0yrVspyYbBM=,TibtD1cDXwiU4B9HCkNdOOZE2bY=
-60,106,RhVLzz/TDtjBN3Wu0yrVspyYbBM=,TibtD1cDXwiU4B9HCkNdOOZE2bY=
-54,106,RhVLzz/TDtjBN3Wu0yrVspyYbBM=,TibtD1cDXwiU4B9HCkNdOOZE2bY=
-61,106,RhVLzz/TDtjBN3Wu0yrVspyYbBM=,TibtD1cDXwiU4B9HCkNdOOZE2bY=
-55,107,RhVLzz/TDtjBN3Wu0yrVspyYbBM=,TibtD1cDXwiU4B9HCkNdOOZE2bY=
-63,106,RhVLzz/TDtjBN3Wu0yrVspyYbBM=,TibtD1cDXwiU4B9HCkNdOOZE2bY=
-62,106,RhVLzz/TDtjBN3Wu0yrVspyYbBM=,TibtD1cDXwiU4B9HCkNdOOZE2bY=
-57,106,RhVLzz/TDtjBN3Wu0yrVspyYbBM=,TibtD1cDXwiU4B9HCkNdOOZE2bY=
-64,106,RhVLzz/TDtjBN3Wu0yrVspyYbBM=,TibtD1cDXwiU4B9HCkNdOOZE2bY=
-52,97,RhVLzz/TDtjBN3Wu0yrVspyYbBM=,TibtD1cDXwiU4B9HCkNdOOZE2bY=
-49,99,RhVLzz/TDtjBN3Wu0yrVspyYbBM=,TibtD1cDXwiU4B9HCkNdOOZE2bY=
-51,98,RhVLzz/TDtjBN3Wu0yrVspyYbBM=,TibtD1cDXwiU4B9HCkNdOOZE2bY=
-58,106,RhVLzz/TDtjBN3Wu0yrVspyYbBM=,TibtD1cDXwiU4B9HCkNdOOZE2bY=
-59,106,RhVLzz/TDtjBN3Wu0yrVspyYbBM=,TibtD1cDXwiU4B9HCkNdOOZE2bY=
-57,105,RhVLzz/TDtjBN3Wu0yrVspyYbBM=,TibtD1cDXwiU4B9HCkNdOOZE2bY=
-54,107,RhVLzz/TDtjBN3Wu0yrVspyYbBM=,TibtD1cDXwiU4B9HCkNdOOZE2bY=
-50,105,RhVLzz/TDtjBN3Wu0yrVspyYbBM=,TibtD1cDXwiU4B9HCkNdOOZE2bY=
-58,105,RhVLzz/TDtjBN3Wu0yrVspyYbBM=,TibtD1cDXwiU4B9HCkNdOOZE2bY=
-59,105,RhVLzz/TDtjBN3Wu0yrVspyYbBM=,TibtD1cDXwiU4B9HCkNdOOZE2bY=
-58,97,RhVLzz/TDtjBN3Wu0yrVspyYbBM=,TibtD1cDXwiU4B9HCkNdOOZE2bY=
-55,105,RhVLzz/TDtjBN3Wu0yrVspyYbBM=,TibtD1cDXwiU4B9HCkNdOOZE2bY=
-56,105,RhVLzz/TDtjBN3Wu0yrVspyYbBM=,TibtD1cDXwiU4B9HCkNdOOZE2bY=
-52,105,RhVLzz/TDtjBN3Wu0yrVspyYbBM=,TibtD1cDXwiU4B9HCkNdOOZE2bY=
-61,105,RhVLzz/TDtjBN3Wu0yrVspyYbBM=,TibtD1cDXwiU4B9HCkNdOOZE2bY=
-64,100,RhVLzz/TDtjBN3Wu0yrVspyYbBM=,TibtD1cDXwiU4B9HCkNdOOZE2bY=
-60,105,RhVLzz/TDtjBN3Wu0yrVspyYbBM=,TibtD1cDXwiU4B9HCkNdOOZE2bY=
-63,105,RhVLzz/TDtjBN3Wu0yrVspyYbBM=,TibtD1cDXwiU4B9HCkNdOOZE2bY=
-62,105,RhVLzz/TDtjBN3Wu0yrVspyYbBM=,TibtD1cDXwiU4B9HCkNdOOZE2bY=
-52,96,RhVLzz/TDtjBN3Wu0yrVspyYbBM=,TibtD1cDXwiU4B9HCkNdOOZE2bY=
-53,105,RhVLzz/TDtjBN3Wu0yrVspyYbBM=,TibtD1cDXwiU4B9HCkNdOOZE2bY=
-54,105,RhVLzz/TDtjBN3Wu0yrVspyYbBM=,TibtD1cDXwiU4B9HCkNdOOZE2bY=
-64,105,RhVLzz/TDtjBN3Wu0yrVspyYbBM=,TibtD1cDXwiU4B9HCkNdOOZE2bY=
-52,98,RhVLzz/TDtjBN3Wu0yrVspyYbBM=,TibtD1cDXwiU4B9HCkNdOOZE2bY=
-49,105,RhVLzz/TDtjBN3Wu0yrVspyYbBM=,TibtD1cDXwiU4B9HCkNdOOZE2bY=
-51,105,RhVLzz/TDtjBN3Wu0yrVspyYbBM=,TibtD1cDXwiU4B9HCkNdOOZE2bY=
-59,104,RhVLzz/TDtjBN3Wu0yrVspyYbBM=,TibtD1cDXwiU4B9HCkNdOOZE2bY=
-50,104,RhVLzz/TDtjBN3Wu0yrVspyYbBM=,TibtD1cDXwiU4B9HCkNdOOZE2bY=
-53,97,RhVLzz/TDtjBN3Wu0yrVspyYbBM=,TibtD1cDXwiU4B9HCkNdOOZE2bY=
-60,104,RhVLzz/TDtjBN3Wu0yrVspyYbBM=,TibtD1cDXwiU4B9HCkNdOOZE2bY=
-57,98,RhVLzz/TDtjBN3Wu0yrVspyYbBM=,TibtD1cDXwiU4B9HCkNdOOZE2bY=
-53,96,RhVLzz/TDtjBN3Wu0yrVspyYbBM=,TibtD1cDXwiU4B9HCkNdOOZE2bY=
-51,104,RhVLzz/TDtjBN3Wu0yrVspyYbBM=,TibtD1cDXwiU4B9HCkNdOOZE2bY=
-62,104,RhVLzz/TDtjBN3Wu0yrVspyYbBM=,TibtD1cDXwiU4B9HCkNdOOZE2bY=
-61,104,RhVLzz/TDtjBN3Wu0yrVspyYbBM=,TibtD1cDXwiU4B9HCkNdOOZE2bY=
-63,104,RhVLzz/TDtjBN3Wu0yrVspyYbBM=,TibtD1cDXwiU4B9HCkNdOOZE2bY=
-64,104,RhVLzz/TDtjBN3Wu0yrVspyYbBM=,TibtD1cDXwiU4B9HCkNdOOZE2bY=
-56,104,RhVLzz/TDtjBN3Wu0yrVspyYbBM=,TibtD1cDXwiU4B9HCkNdOOZE2bY=
-49,104,RhVLzz/TDtjBN3Wu0yrVspyYbBM=,TibtD1cDXwiU4B9HCkNdOOZE2bY=
-57,104,RhVLzz/TDtjBN3Wu0yrVspyYbBM=,TibtD1cDXwiU4B9HCkNdOOZE2bY=
-58,96,RhVLzz/TDtjBN3Wu0yrVspyYbBM=,TibtD1cDXwiU4B9HCkNdOOZE2bY=
-54,104,RhVLzz/TDtjBN3Wu0yrVspyYbBM=,TibtD1cDXwiU4B9HCkNdOOZE2bY=
-53,104,RhVLzz/TDtjBN3Wu0yrVspyYbBM=,TibtD1cDXwiU4B9HCkNdOOZE2bY=
-63,100,RhVLzz/TDtjBN3Wu0yrVspyYbBM=,TibtD1cDXwiU4B9HCkNdOOZE2bY=
-55,104,RhVLzz/TDtjBN3Wu0yrVspyYbBM=,TibtD1cDXwiU4B9HCkNdOOZE2bY=
-52,104,RhVLzz/TDtjBN3Wu0yrVspyYbBM=,TibtD1cDXwiU4B9HCkNdOOZE2bY=
-58,104,RhVLzz/TDtjBN3Wu0yrVspyYbBM=,TibtD1cDXwiU4B9HCkNdOOZE2bY=
-53,98,RhVLzz/TDtjBN3Wu0yrVspyYbBM=,TibtD1cDXwiU4B9HCkNdOOZE2bY=
-62,100,RhVLzz/TDtjBN3Wu0yrVspyYbBM=,TibtD1cDXwiU4B9HCkNdOOZE2bY=
-54,96,RhVLzz/TDtjBN3Wu0yrVspyYbBM=,TibtD1cDXwiU4B9HCkNdOOZE2bY=
-61,100,RhVLzz/TDtjBN3Wu0yrVspyYbBM=,TibtD1cDXwiU4B9HCkNdOOZE2bY=
-50,103,RhVLzz/TDtjBN3Wu0yrVspyYbBM=,TibtD1cDXwiU4B9HCkNdOOZE2bY=
-54,97,RhVLzz/TDtjBN3Wu0yrVspyYbBM=,TibtD1cDXwiU4B9HCkNdOOZE2bY=
-61,103,RhVLzz/TDtjBN3Wu0yrVspyYbBM=,TibtD1cDXwiU4B9HCkNdOOZE2bY=
-60,100,RhVLzz/TDtjBN3Wu0yrVspyYbBM=,TibtD1cDXwiU4B9HCkNdOOZE2bY=
-59,103,RhVLzz/TDtjBN3Wu0yrVspyYbBM=,TibtD1cDXwiU4B9HCkNdOOZE2bY=
-64,103,RhVLzz/TDtjBN3Wu0yrVspyYbBM=,TibtD1cDXwiU4B9HCkNdOOZE2bY=
-52,103,RhVLzz/TDtjBN3Wu0yrVspyYbBM=,TibtD1cDXwiU4B9HCkNdOOZE2bY=
-60,103,RhVLzz/TDtjBN3Wu0yrVspyYbBM=,TibtD1cDXwiU4B9HCkNdOOZE2bY=
-53,103,RhVLzz/TDtjBN3Wu0yrVspyYbBM=,TibtD1cDXwiU4B9HCkNdOOZE2bY=
-63,103,RhVLzz/TDtjBN3Wu0yrVspyYbBM=,TibtD1cDXwiU4B9HCkNdOOZE2bY=
-56,103,RhVLzz/TDtjBN3Wu0yrVspyYbBM=,TibtD1cDXwiU4B9HCkNdOOZE2bY=
-62,103,RhVLzz/TDtjBN3Wu0yrVspyYbBM=,TibtD1cDXwiU4B9HCkNdOOZE2bY=
-49,103,RhVLzz/TDtjBN3Wu0yrVspyYbBM=,TibtD1cDXwiU4B9HCkNdOOZE2bY=
-57,103,RhVLzz/TDtjBN3Wu0yrVspyYbBM=,TibtD1cDXwiU4B9HCkNdOOZE2bY=
-58,103,RhVLzz/TDtjBN3Wu0yrVspyYbBM=,TibtD1cDXwiU4B9HCkNdOOZE2bY=
-51,103,RhVLzz/TDtjBN3Wu0yrVspyYbBM=,TibtD1cDXwiU4B9HCkNdOOZE2bY=
-59,100,RhVLzz/TDtjBN3Wu0yrVspyYbBM=,TibtD1cDXwiU4B9HCkNdOOZE2bY=
-64,96,RhVLzz/TDtjBN3Wu0yrVspyYbBM=,TibtD1cDXwiU4B9HCkNdOOZE2bY=
-55,103,RhVLzz/TDtjBN3Wu0yrVspyYbBM=,TibtD1cDXwiU4B9HCkNdOOZE2bY=
-54,103,RhVLzz/TDtjBN3Wu0yrVspyYbBM=,TibtD1cDXwiU4B9HCkNdOOZE2bY=
-55,97,RhVLzz/TDtjBN3Wu0yrVspyYbBM=,TibtD1cDXwiU4B9HCkNdOOZE2bY=
-50,102,RhVLzz/TDtjBN3Wu0yrVspyYbBM=,TibtD1cDXwiU4B9HCkNdOOZE2bY=
-55,96,RhVLzz/TDtjBN3Wu0yrVspyYbBM=,TibtD1cDXwiU4B9HCkNdOOZE2bY=
-54,98,RhVLzz/TDtjBN3Wu0yrVspyYbBM=,TibtD1cDXwiU4B9HCkNdOOZE2bY=
-51,102,RhVLzz/TDtjBN3Wu0yrVspyYbBM=,TibtD1cDXwiU4B9HCkNdOOZE2bY=
-64,102,RhVLzz/TDtjBN3Wu0yrVspyYbBM=,TibtD1cDXwiU4B9HCkNdOOZE2bY=
-61,102,RhVLzz/TDtjBN3Wu0yrVspyYbBM=,TibtD1cDXwiU4B9HCkNdOOZE2bY=
-52,102,RhVLzz/TDtjBN3Wu0yrVspyYbBM=,TibtD1cDXwiU4B9HCkNdOOZE2bY=
-62,102,RhVLzz/TDtjBN3Wu0yrVspyYbBM=,TibtD1cDXwiU4B9HCkNdOOZE2bY=
-63,102,RhVLzz/TDtjBN3Wu0yrVspyYbBM=,TibtD1cDXwiU4B9HCkNdOOZE2bY=
-54,102,RhVLzz/TDtjBN3Wu0yrVspyYbBM=,TibtD1cDXwiU4B9HCkNdOOZE2bY=
-51,101,RhVLzz/TDtjBN3Wu0yrVspyYbBM=,TibtD1cDXwiU4B9HCkNdOOZE2bY=
-55,102,RhVLzz/TDtjBN3Wu0yrVspyYbBM=,TibtD1cDXwiU4B9HCkNdOOZE2bY=
-60,102,RhVLzz/TDtjBN3Wu0yrVspyYbBM=,TibtD1cDXwiU4B9HCkNdOOZE2bY=
-49,102,RhVLzz/TDtjBN3Wu0yrVspyYbBM=,TibtD1cDXwiU4B9HCkNdOOZE2bY=
-53,102,RhVLzz/TDtjBN3Wu0yrVspyYbBM=,TibtD1cDXwiU4B9HCkNdOOZE2bY=
-57,102,RhVLzz/TDtjBN3Wu0yrVspyYbBM=,TibtD1cDXwiU4B9HCkNdOOZE2bY=
-59,102,RhVLzz/TDtjBN3Wu0yrVspyYbBM=,TibtD1cDXwiU4B9HCkNdOOZE2bY=
-58,100,RhVLzz/TDtjBN3Wu0yrVspyYbBM=,TibtD1cDXwiU4B9HCkNdOOZE2bY=
-56,96,RhVLzz/TDtjBN3Wu0yrVspyYbBM=,TibtD1cDXwiU4B9HCkNdOOZE2bY=
-56,97,RhVLzz/TDtjBN3Wu0yrVspyYbBM=,TibtD1cDXwiU4B9HCkNdOOZE2bY=
-58,102,RhVLzz/TDtjBN3Wu0yrVspyYbBM=,TibtD1cDXwiU4B9HCkNdOOZE2bY=
-56,102,RhVLzz/TDtjBN3Wu0yrVspyYbBM=,TibtD1cDXwiU4B9HCkNdOOZE2bY=
-55,98,RhVLzz/TDtjBN3Wu0yrVspyYbBM=,TibtD1cDXwiU4B9HCkNdOOZE2bY=
-62,101,RhVLzz/TDtjBN3Wu0yrVspyYbBM=,TibtD1cDXwiU4B9HCkNdOOZE2bY=
-60,101,RhVLzz/TDtjBN3Wu0yrVspyYbBM=,TibtD1cDXwiU4B9HCkNdOOZE2bY=
-61,101,RhVLzz/TDtjBN3Wu0yrVspyYbBM=,TibtD1cDXwiU4B9HCkNdOOZE2bY=
-64,101,RhVLzz/TDtjBN3Wu0yrVspyYbBM=,TibtD1cDXwiU4B9HCkNdOOZE2bY=
-52,101,RhVLzz/TDtjBN3Wu0yrVspyYbBM=,TibtD1cDXwiU4B9HCkNdOOZE2bY=
-63,101,RhVLzz/TDtjBN3Wu0yrVspyYbBM=,TibtD1cDXwiU4B9HCkNdOOZE2bY=
-53,101,RhVLzz/TDtjBN3Wu0yrVspyYbBM=,TibtD1cDXwiU4B9HCkNdOOZE2bY=
-54,101,RhVLzz/TDtjBN3Wu0yrVspyYbBM=,TibtD1cDXwiU4B9HCkNdOOZE2bY=
-55,101,RhVLzz/TDtjBN3Wu0yrVspyYbBM=,TibtD1cDXwiU4B9HCkNdOOZE2bY=
-59,101,RhVLzz/TDtjBN3Wu0yrVspyYbBM=,TibtD1cDXwiU4B9HCkNdOOZE2bY=
-49,101,RhVLzz/TDtjBN3Wu0yrVspyYbBM=,TibtD1cDXwiU4B9HCkNdOOZE2bY=
-58,101,RhVLzz/TDtjBN3Wu0yrVspyYbBM=,TibtD1cDXwiU4B9HCkNdOOZE2bY=
-51,100,RhVLzz/TDtjBN3Wu0yrVspyYbBM=,TibtD1cDXwiU4B9HCkNdOOZE2bY=
-56,101,RhVLzz/TDtjBN3Wu0yrVspyYbBM=,TibtD1cDXwiU4B9HCkNdOOZE2bY=
-52,100,RhVLzz/TDtjBN3Wu0yrVspyYbBM=,TibtD1cDXwiU4B9HCkNdOOZE2bY=
-50,101,RhVLzz/TDtjBN3Wu0yrVspyYbBM=,TibtD1cDXwiU4B9HCkNdOOZE2bY=
-57,100,RhVLzz/TDtjBN3Wu0yrVspyYbBM=,TibtD1cDXwiU4B9HCkNdOOZE2bY=
-57,101,RhVLzz/TDtjBN3Wu0yrVspyYbBM=,TibtD1cDXwiU4B9HCkNdOOZE2bY=
-53,100,RhVLzz/TDtjBN3Wu0yrVspyYbBM=,TibtD1cDXwiU4B9HCkNdOOZE2bY=
-57,97,RhVLzz/TDtjBN3Wu0yrVspyYbBM=,TibtD1cDXwiU4B9HCkNdOOZE2bY=
-49,100,RhVLzz/TDtjBN3Wu0yrVspyYbBM=,TibtD1cDXwiU4B9HCkNdOOZE2bY=
-50,100,RhVLzz/TDtjBN3Wu0yrVspyYbBM=,TibtD1cDXwiU4B9HCkNdOOZE2bY=
-57,96,RhVLzz/TDtjBN3Wu0yrVspyYbBM=,TibtD1cDXwiU4B9HCkNdOOZE2bY=
-56,98,RhVLzz/TDtjBN3Wu0yrVspyYbBM=,TibtD1cDXwiU4B9HCkNdOOZE2bY=
-54,100,RhVLzz/TDtjBN3Wu0yrVspyYbBM=,TibtD1cDXwiU4B9HCkNdOOZE2bY=
-55,100,RhVLzz/TDtjBN3Wu0yrVspyYbBM=,TibtD1cDXwiU4B9HCkNdOOZE2bY=
-56,100,RhVLzz/TDtjBN3Wu0yrVspyYbBM=,TibtD1cDXwiU4B9HCkNdOOZE2bY=
-52,127,LX8qtSlaxVnMBTe1+xnGcAaPCfY=,U3obq0LNDu4Z1mgwSLkLsacj3gE=
-54,127,LX8qtSlaxVnMBTe1+xnGcAaPCfY=,U3obq0LNDu4Z1mgwSLkLsacj3gE=
-53,127,LX8qtSlaxVnMBTe1+xnGcAaPCfY=,U3obq0LNDu4Z1mgwSLkLsacj3gE=
-55,127,LX8qtSlaxVnMBTe1+xnGcAaPCfY=,U3obq0LNDu4Z1mgwSLkLsacj3gE=
-57,127,LX8qtSlaxVnMBTe1+xnGcAaPCfY=,U3obq0LNDu4Z1mgwSLkLsacj3gE=
-58,127,LX8qtSlaxVnMBTe1+xnGcAaPCfY=,U3obq0LNDu4Z1mgwSLkLsacj3gE=
-56,127,LX8qtSlaxVnMBTe1+xnGcAaPCfY=,U3obq0LNDu4Z1mgwSLkLsacj3gE=
-51,127,LX8qtSlaxVnMBTe1+xnGcAaPCfY=,U3obq0LNDu4Z1mgwSLkLsacj3gE=
-59,115,LX8qtSlaxVnMBTe1+xnGcAaPCfY=,U3obq0LNDu4Z1mgwSLkLsacj3gE=
-59,127,R2IKZ+m2vBTLaLcmDDSMGqn20vE=,U3obq0LNDu4Z1mgwSLkLsacj3gE=
-58,114,R2IKZ+m2vBTLaLcmDDSMGqn20vE=,U3obq0LNDu4Z1mgwSLkLsacj3gE=
-58,115,R2IKZ+m2vBTLaLcmDDSMGqn20vE=,U3obq0LNDu4Z1mgwSLkLsacj3gE=
-59,114,R2IKZ+m2vBTLaLcmDDSMGqn20vE=,U3obq0LNDu4Z1mgwSLkLsacj3gE=
-59,112,R2IKZ+m2vBTLaLcmDDSMGqn20vE=,U3obq0LNDu4Z1mgwSLkLsacj3gE=
-57,115,R2IKZ+m2vBTLaLcmDDSMGqn20vE=,U3obq0LNDu4Z1mgwSLkLsacj3gE=
-61,127,TiiU1UsVDdHcI7mlVbKZiq9zRTk=,U3obq0LNDu4Z1mgwSLkLsacj3gE=
-60,114,TiiU1UsVDdHcI7mlVbKZiq9zRTk=,U3obq0LNDu4Z1mgwSLkLsacj3gE=
-62,127,TiiU1UsVDdHcI7mlVbKZiq9zRTk=,U3obq0LNDu4Z1mgwSLkLsacj3gE=
-60,127,TiiU1UsVDdHcI7mlVbKZiq9zRTk=,U3obq0LNDu4Z1mgwSLkLsacj3gE=
-52,126,TiiU1UsVDdHcI7mlVbKZiq9zRTk=,U3obq0LNDu4Z1mgwSLkLsacj3gE=
-53,126,TiiU1UsVDdHcI7mlVbKZiq9zRTk=,U3obq0LNDu4Z1mgwSLkLsacj3gE=
-61,112,TiiU1UsVDdHcI7mlVbKZiq9zRTk=,U3obq0LNDu4Z1mgwSLkLsacj3gE=
-54,126,TiiU1UsVDdHcI7mlVbKZiq9zRTk=,U3obq0LNDu4Z1mgwSLkLsacj3gE=
-55,126,TiiU1UsVDdHcI7mlVbKZiq9zRTk=,U3obq0LNDu4Z1mgwSLkLsacj3gE=
-51,126,TiiU1UsVDdHcI7mlVbKZiq9zRTk=,U3obq0LNDu4Z1mgwSLkLsacj3gE=
-56,126,TiiU1UsVDdHcI7mlVbKZiq9zRTk=,U3obq0LNDu4Z1mgwSLkLsacj3gE=
-63,115,TiiU1UsVDdHcI7mlVbKZiq9zRTk=,U3obq0LNDu4Z1mgwSLkLsacj3gE=
-57,126,TiiU1UsVDdHcI7mlVbKZiq9zRTk=,U3obq0LNDu4Z1mgwSLkLsacj3gE=
-60,112,TiiU1UsVDdHcI7mlVbKZiq9zRTk=,U3obq0LNDu4Z1mgwSLkLsacj3gE=
-60,115,TiiU1UsVDdHcI7mlVbKZiq9zRTk=,U3obq0LNDu4Z1mgwSLkLsacj3gE=
-61,114,TiiU1UsVDdHcI7mlVbKZiq9zRTk=,U3obq0LNDu4Z1mgwSLkLsacj3gE=
-61,115,TiiU1UsVDdHcI7mlVbKZiq9zRTk=,U3obq0LNDu4Z1mgwSLkLsacj3gE=
-59,113,TiiU1UsVDdHcI7mlVbKZiq9zRTk=,U3obq0LNDu4Z1mgwSLkLsacj3gE=
-60,113,TiiU1UsVDdHcI7mlVbKZiq9zRTk=,U3obq0LNDu4Z1mgwSLkLsacj3gE=
-63,112,TiiU1UsVDdHcI7mlVbKZiq9zRTk=,U3obq0LNDu4Z1mgwSLkLsacj3gE=
-56,115,TiiU1UsVDdHcI7mlVbKZiq9zRTk=,U3obq0LNDu4Z1mgwSLkLsacj3gE=
-58,126,TiiU1UsVDdHcI7mlVbKZiq9zRTk=,U3obq0LNDu4Z1mgwSLkLsacj3gE=
-63,127,TiiU1UsVDdHcI7mlVbKZiq9zRTk=,U3obq0LNDu4Z1mgwSLkLsacj3gE=
-62,115,TiiU1UsVDdHcI7mlVbKZiq9zRTk=,U3obq0LNDu4Z1mgwSLkLsacj3gE=
-55,115,TiiU1UsVDdHcI7mlVbKZiq9zRTk=,U3obq0LNDu4Z1mgwSLkLsacj3gE=
-59,126,TiiU1UsVDdHcI7mlVbKZiq9zRTk=,U3obq0LNDu4Z1mgwSLkLsacj3gE=
-60,126,TiiU1UsVDdHcI7mlVbKZiq9zRTk=,U3obq0LNDu4Z1mgwSLkLsacj3gE=
-64,127,TiiU1UsVDdHcI7mlVbKZiq9zRTk=,U3obq0LNDu4Z1mgwSLkLsacj3gE=
-53,125,TiiU1UsVDdHcI7mlVbKZiq9zRTk=,U3obq0LNDu4Z1mgwSLkLsacj3gE=
-52,125,TiiU1UsVDdHcI7mlVbKZiq9zRTk=,U3obq0LNDu4Z1mgwSLkLsacj3gE=
-55,125,TiiU1UsVDdHcI7mlVbKZiq9zRTk=,U3obq0LNDu4Z1mgwSLkLsacj3gE=
-57,125,TiiU1UsVDdHcI7mlVbKZiq9zRTk=,U3obq0LNDu4Z1mgwSLkLsacj3gE=
-61,113,TiiU1UsVDdHcI7mlVbKZiq9zRTk=,U3obq0LNDu4Z1mgwSLkLsacj3gE=
-56,125,TiiU1UsVDdHcI7mlVbKZiq9zRTk=,U3obq0LNDu4Z1mgwSLkLsacj3gE=
-54,125,TiiU1UsVDdHcI7mlVbKZiq9zRTk=,U3obq0LNDu4Z1mgwSLkLsacj3gE=
-62,114,TiiU1UsVDdHcI7mlVbKZiq9zRTk=,U3obq0LNDu4Z1mgwSLkLsacj3gE=
-50,127,TiiU1UsVDdHcI7mlVbKZiq9zRTk=,U3obq0LNDu4Z1mgwSLkLsacj3gE=
-50,126,TiiU1UsVDdHcI7mlVbKZiq9zRTk=,U3obq0LNDu4Z1mgwSLkLsacj3gE=
-54,115,TiiU1UsVDdHcI7mlVbKZiq9zRTk=,U3obq0LNDu4Z1mgwSLkLsacj3gE=
-58,125,TiiU1UsVDdHcI7mlVbKZiq9zRTk=,U3obq0LNDu4Z1mgwSLkLsacj3gE=
-60,125,TiiU1UsVDdHcI7mlVbKZiq9zRTk=,U3obq0LNDu4Z1mgwSLkLsacj3gE=
-59,125,TiiU1UsVDdHcI7mlVbKZiq9zRTk=,U3obq0LNDu4Z1mgwSLkLsacj3gE=
-61,126,TiiU1UsVDdHcI7mlVbKZiq9zRTk=,U3obq0LNDu4Z1mgwSLkLsacj3gE=
-53,115,TiiU1UsVDdHcI7mlVbKZiq9zRTk=,U3obq0LNDu4Z1mgwSLkLsacj3gE=
-49,126,TiiU1UsVDdHcI7mlVbKZiq9zRTk=,U3obq0LNDu4Z1mgwSLkLsacj3gE=
-62,113,TiiU1UsVDdHcI7mlVbKZiq9zRTk=,U3obq0LNDu4Z1mgwSLkLsacj3gE=
-63,114,TiiU1UsVDdHcI7mlVbKZiq9zRTk=,U3obq0LNDu4Z1mgwSLkLsacj3gE=
-49,127,TiiU1UsVDdHcI7mlVbKZiq9zRTk=,U3obq0LNDu4Z1mgwSLkLsacj3gE=
-62,125,TiiU1UsVDdHcI7mlVbKZiq9zRTk=,U3obq0LNDu4Z1mgwSLkLsacj3gE=
-64,125,TiiU1UsVDdHcI7mlVbKZiq9zRTk=,U3obq0LNDu4Z1mgwSLkLsacj3gE=
-50,124,TiiU1UsVDdHcI7mlVbKZiq9zRTk=,U3obq0LNDu4Z1mgwSLkLsacj3gE=
-61,125,TiiU1UsVDdHcI7mlVbKZiq9zRTk=,U3obq0LNDu4Z1mgwSLkLsacj3gE=
-54,124,TiiU1UsVDdHcI7mlVbKZiq9zRTk=,U3obq0LNDu4Z1mgwSLkLsacj3gE=
-55,124,TiiU1UsVDdHcI7mlVbKZiq9zRTk=,U3obq0LNDu4Z1mgwSLkLsacj3gE=
-52,115,TiiU1UsVDdHcI7mlVbKZiq9zRTk=,U3obq0LNDu4Z1mgwSLkLsacj3gE=
-63,125,TiiU1UsVDdHcI7mlVbKZiq9zRTk=,U3obq0LNDu4Z1mgwSLkLsacj3gE=
-57,124,TiiU1UsVDdHcI7mlVbKZiq9zRTk=,U3obq0LNDu4Z1mgwSLkLsacj3gE=
-56,124,TiiU1UsVDdHcI7mlVbKZiq9zRTk=,U3obq0LNDu4Z1mgwSLkLsacj3gE=
-53,124,TiiU1UsVDdHcI7mlVbKZiq9zRTk=,U3obq0LNDu4Z1mgwSLkLsacj3gE=
-51,124,TiiU1UsVDdHcI7mlVbKZiq9zRTk=,U3obq0LNDu4Z1mgwSLkLsacj3gE=
-59,124,TiiU1UsVDdHcI7mlVbKZiq9zRTk=,U3obq0LNDu4Z1mgwSLkLsacj3gE=
-58,124,TiiU1UsVDdHcI7mlVbKZiq9zRTk=,U3obq0LNDu4Z1mgwSLkLsacj3gE=
-63,126,TiiU1UsVDdHcI7mlVbKZiq9zRTk=,U3obq0LNDu4Z1mgwSLkLsacj3gE=
-60,124,TiiU1UsVDdHcI7mlVbKZiq9zRTk=,U3obq0LNDu4Z1mgwSLkLsacj3gE=
-63,113,TiiU1UsVDdHcI7mlVbKZiq9zRTk=,U3obq0LNDu4Z1mgwSLkLsacj3gE=
-64,124,TiiU1UsVDdHcI7mlVbKZiq9zRTk=,U3obq0LNDu4Z1mgwSLkLsacj3gE=
-62,126,TiiU1UsVDdHcI7mlVbKZiq9zRTk=,U3obq0LNDu4Z1mgwSLkLsacj3gE=
-64,126,TiiU1UsVDdHcI7mlVbKZiq9zRTk=,U3obq0LNDu4Z1mgwSLkLsacj3gE=
-50,125,TiiU1UsVDdHcI7mlVbKZiq9zRTk=,U3obq0LNDu4Z1mgwSLkLsacj3gE=
-64,113,TiiU1UsVDdHcI7mlVbKZiq9zRTk=,U3obq0LNDu4Z1mgwSLkLsacj3gE=
-49,124,TiiU1UsVDdHcI7mlVbKZiq9zRTk=,U3obq0LNDu4Z1mgwSLkLsacj3gE=
-62,112,TiiU1UsVDdHcI7mlVbKZiq9zRTk=,U3obq0LNDu4Z1mgwSLkLsacj3gE=
-63,124,TiiU1UsVDdHcI7mlVbKZiq9zRTk=,U3obq0LNDu4Z1mgwSLkLsacj3gE=
-49,112,TiiU1UsVDdHcI7mlVbKZiq9zRTk=,U3obq0LNDu4Z1mgwSLkLsacj3gE=
-51,125,TiiU1UsVDdHcI7mlVbKZiq9zRTk=,U3obq0LNDu4Z1mgwSLkLsacj3gE=
-64,115,TiiU1UsVDdHcI7mlVbKZiq9zRTk=,U3obq0LNDu4Z1mgwSLkLsacj3gE=
-50,112,TiiU1UsVDdHcI7mlVbKZiq9zRTk=,U3obq0LNDu4Z1mgwSLkLsacj3gE=
-49,114,TiiU1UsVDdHcI7mlVbKZiq9zRTk=,U3obq0LNDu4Z1mgwSLkLsacj3gE=
-49,113,TiiU1UsVDdHcI7mlVbKZiq9zRTk=,U3obq0LNDu4Z1mgwSLkLsacj3gE=
-62,124,TiiU1UsVDdHcI7mlVbKZiq9zRTk=,U3obq0LNDu4Z1mgwSLkLsacj3gE=
-64,114,TiiU1UsVDdHcI7mlVbKZiq9zRTk=,U3obq0LNDu4Z1mgwSLkLsacj3gE=
-52,124,TiiU1UsVDdHcI7mlVbKZiq9zRTk=,U3obq0LNDu4Z1mgwSLkLsacj3gE=
-51,115,TiiU1UsVDdHcI7mlVbKZiq9zRTk=,U3obq0LNDu4Z1mgwSLkLsacj3gE=
-51,123,TiiU1UsVDdHcI7mlVbKZiq9zRTk=,U3obq0LNDu4Z1mgwSLkLsacj3gE=
-61,124,TiiU1UsVDdHcI7mlVbKZiq9zRTk=,U3obq0LNDu4Z1mgwSLkLsacj3gE=
-57,123,TiiU1UsVDdHcI7mlVbKZiq9zRTk=,U3obq0LNDu4Z1mgwSLkLsacj3gE=
-50,123,TiiU1UsVDdHcI7mlVbKZiq9zRTk=,U3obq0LNDu4Z1mgwSLkLsacj3gE=
-49,123,TiiU1UsVDdHcI7mlVbKZiq9zRTk=,U3obq0LNDu4Z1mgwSLkLsacj3gE=
-58,123,TiiU1UsVDdHcI7mlVbKZiq9zRTk=,U3obq0LNDu4Z1mgwSLkLsacj3gE=
-56,123,TiiU1UsVDdHcI7mlVbKZiq9zRTk=,U3obq0LNDu4Z1mgwSLkLsacj3gE=
-53,123,TiiU1UsVDdHcI7mlVbKZiq9zRTk=,U3obq0LNDu4Z1mgwSLkLsacj3gE=
-55,123,TiiU1UsVDdHcI7mlVbKZiq9zRTk=,U3obq0LNDu4Z1mgwSLkLsacj3gE=
-50,113,TiiU1UsVDdHcI7mlVbKZiq9zRTk=,U3obq0LNDu4Z1mgwSLkLsacj3gE=
-54,123,TiiU1UsVDdHcI7mlVbKZiq9zRTk=,U3obq0LNDu4Z1mgwSLkLsacj3gE=
-52,123,TiiU1UsVDdHcI7mlVbKZiq9zRTk=,U3obq0LNDu4Z1mgwSLkLsacj3gE=
-49,125,TiiU1UsVDdHcI7mlVbKZiq9zRTk=,U3obq0LNDu4Z1mgwSLkLsacj3gE=
-63,123,TiiU1UsVDdHcI7mlVbKZiq9zRTk=,U3obq0LNDu4Z1mgwSLkLsacj3gE=
-59,123,TiiU1UsVDdHcI7mlVbKZiq9zRTk=,U3obq0LNDu4Z1mgwSLkLsacj3gE=
-50,115,TiiU1UsVDdHcI7mlVbKZiq9zRTk=,U3obq0LNDu4Z1mgwSLkLsacj3gE=
-60,123,TiiU1UsVDdHcI7mlVbKZiq9zRTk=,U3obq0LNDu4Z1mgwSLkLsacj3gE=
-49,122,TiiU1UsVDdHcI7mlVbKZiq9zRTk=,U3obq0LNDu4Z1mgwSLkLsacj3gE=
-64,123,TiiU1UsVDdHcI7mlVbKZiq9zRTk=,U3obq0LNDu4Z1mgwSLkLsacj3gE=
-52,122,TiiU1UsVDdHcI7mlVbKZiq9zRTk=,U3obq0LNDu4Z1mgwSLkLsacj3gE=
-51,122,TiiU1UsVDdHcI7mlVbKZiq9zRTk=,U3obq0LNDu4Z1mgwSLkLsacj3gE=
-53,122,TiiU1UsVDdHcI7mlVbKZiq9zRTk=,U3obq0LNDu4Z1mgwSLkLsacj3gE=
-50,122,TiiU1UsVDdHcI7mlVbKZiq9zRTk=,U3obq0LNDu4Z1mgwSLkLsacj3gE=
-55,122,TiiU1UsVDdHcI7mlVbKZiq9zRTk=,U3obq0LNDu4Z1mgwSLkLsacj3gE=
-64,122,TiiU1UsVDdHcI7mlVbKZiq9zRTk=,U3obq0LNDu4Z1mgwSLkLsacj3gE=
-54,122,TiiU1UsVDdHcI7mlVbKZiq9zRTk=,U3obq0LNDu4Z1mgwSLkLsacj3gE=
-62,123,TiiU1UsVDdHcI7mlVbKZiq9zRTk=,U3obq0LNDu4Z1mgwSLkLsacj3gE=
-56,122,TiiU1UsVDdHcI7mlVbKZiq9zRTk=,U3obq0LNDu4Z1mgwSLkLsacj3gE=
-57,122,TiiU1UsVDdHcI7mlVbKZiq9zRTk=,U3obq0LNDu4Z1mgwSLkLsacj3gE=
-58,122,TiiU1UsVDdHcI7mlVbKZiq9zRTk=,U3obq0LNDu4Z1mgwSLkLsacj3gE=
-60,122,TiiU1UsVDdHcI7mlVbKZiq9zRTk=,U3obq0LNDu4Z1mgwSLkLsacj3gE=
-61,123,TiiU1UsVDdHcI7mlVbKZiq9zRTk=,U3obq0LNDu4Z1mgwSLkLsacj3gE=
-51,113,TiiU1UsVDdHcI7mlVbKZiq9zRTk=,U3obq0LNDu4Z1mgwSLkLsacj3gE=
-51,112,TiiU1UsVDdHcI7mlVbKZiq9zRTk=,U3obq0LNDu4Z1mgwSLkLsacj3gE=
-59,122,TiiU1UsVDdHcI7mlVbKZiq9zRTk=,U3obq0LNDu4Z1mgwSLkLsacj3gE=
-50,114,TiiU1UsVDdHcI7mlVbKZiq9zRTk=,U3obq0LNDu4Z1mgwSLkLsacj3gE=
-61,122,TiiU1UsVDdHcI7mlVbKZiq9zRTk=,U3obq0LNDu4Z1mgwSLkLsacj3gE=
-52,112,TiiU1UsVDdHcI7mlVbKZiq9zRTk=,U3obq0LNDu4Z1mgwSLkLsacj3gE=
-52,113,TiiU1UsVDdHcI7mlVbKZiq9zRTk=,U3obq0LNDu4Z1mgwSLkLsacj3gE=
-49,115,TiiU1UsVDdHcI7mlVbKZiq9zRTk=,U3obq0LNDu4Z1mgwSLkLsacj3gE=
-62,122,TiiU1UsVDdHcI7mlVbKZiq9zRTk=,U3obq0LNDu4Z1mgwSLkLsacj3gE=
-49,121,TiiU1UsVDdHcI7mlVbKZiq9zRTk=,U3obq0LNDu4Z1mgwSLkLsacj3gE=
-51,121,TiiU1UsVDdHcI7mlVbKZiq9zRTk=,U3obq0LNDu4Z1mgwSLkLsacj3gE=
-50,121,TiiU1UsVDdHcI7mlVbKZiq9zRTk=,U3obq0LNDu4Z1mgwSLkLsacj3gE=
-53,121,TiiU1UsVDdHcI7mlVbKZiq9zRTk=,U3obq0LNDu4Z1mgwSLkLsacj3gE=
-54,121,TiiU1UsVDdHcI7mlVbKZiq9zRTk=,U3obq0LNDu4Z1mgwSLkLsacj3gE=
-55,121,TiiU1UsVDdHcI7mlVbKZiq9zRTk=,U3obq0LNDu4Z1mgwSLkLsacj3gE=
-56,121,TiiU1UsVDdHcI7mlVbKZiq9zRTk=,U3obq0LNDu4Z1mgwSLkLsacj3gE=
-52,121,TiiU1UsVDdHcI7mlVbKZiq9zRTk=,U3obq0LNDu4Z1mgwSLkLsacj3gE=
-57,121,TiiU1UsVDdHcI7mlVbKZiq9zRTk=,U3obq0LNDu4Z1mgwSLkLsacj3gE=
-58,121,TiiU1UsVDdHcI7mlVbKZiq9zRTk=,U3obq0LNDu4Z1mgwSLkLsacj3gE=
-58,113,TiiU1UsVDdHcI7mlVbKZiq9zRTk=,U3obq0LNDu4Z1mgwSLkLsacj3gE=
-59,121,TiiU1UsVDdHcI7mlVbKZiq9zRTk=,U3obq0LNDu4Z1mgwSLkLsacj3gE=
-60,121,TiiU1UsVDdHcI7mlVbKZiq9zRTk=,U3obq0LNDu4Z1mgwSLkLsacj3gE=
-61,121,TiiU1UsVDdHcI7mlVbKZiq9zRTk=,U3obq0LNDu4Z1mgwSLkLsacj3gE=
-63,122,TiiU1UsVDdHcI7mlVbKZiq9zRTk=,U3obq0LNDu4Z1mgwSLkLsacj3gE=
-49,120,TiiU1UsVDdHcI7mlVbKZiq9zRTk=,U3obq0LNDu4Z1mgwSLkLsacj3gE=
-50,120,TiiU1UsVDdHcI7mlVbKZiq9zRTk=,U3obq0LNDu4Z1mgwSLkLsacj3gE=
-51,120,TiiU1UsVDdHcI7mlVbKZiq9zRTk=,U3obq0LNDu4Z1mgwSLkLsacj3gE=
-52,120,TiiU1UsVDdHcI7mlVbKZiq9zRTk=,U3obq0LNDu4Z1mgwSLkLsacj3gE=
-57,114,TiiU1UsVDdHcI7mlVbKZiq9zRTk=,U3obq0LNDu4Z1mgwSLkLsacj3gE=
-53,120,TiiU1UsVDdHcI7mlVbKZiq9zRTk=,U3obq0LNDu4Z1mgwSLkLsacj3gE=
-62,121,TiiU1UsVDdHcI7mlVbKZiq9zRTk=,U3obq0LNDu4Z1mgwSLkLsacj3gE=
-54,120,TiiU1UsVDdHcI7mlVbKZiq9zRTk=,U3obq0LNDu4Z1mgwSLkLsacj3gE=
-55,120,TiiU1UsVDdHcI7mlVbKZiq9zRTk=,U3obq0LNDu4Z1mgwSLkLsacj3gE=
-56,120,TiiU1UsVDdHcI7mlVbKZiq9zRTk=,U3obq0LNDu4Z1mgwSLkLsacj3gE=
-53,113,TiiU1UsVDdHcI7mlVbKZiq9zRTk=,U3obq0LNDu4Z1mgwSLkLsacj3gE=
-58,120,TiiU1UsVDdHcI7mlVbKZiq9zRTk=,U3obq0LNDu4Z1mgwSLkLsacj3gE=
-53,112,TiiU1UsVDdHcI7mlVbKZiq9zRTk=,U3obq0LNDu4Z1mgwSLkLsacj3gE=
-57,120,TiiU1UsVDdHcI7mlVbKZiq9zRTk=,U3obq0LNDu4Z1mgwSLkLsacj3gE=
-64,121,TiiU1UsVDdHcI7mlVbKZiq9zRTk=,U3obq0LNDu4Z1mgwSLkLsacj3gE=
-59,120,TiiU1UsVDdHcI7mlVbKZiq9zRTk=,U3obq0LNDu4Z1mgwSLkLsacj3gE=
-58,112,TiiU1UsVDdHcI7mlVbKZiq9zRTk=,U3obq0LNDu4Z1mgwSLkLsacj3gE=
-60,120,TiiU1UsVDdHcI7mlVbKZiq9zRTk=,U3obq0LNDu4Z1mgwSLkLsacj3gE=
-61,120,TiiU1UsVDdHcI7mlVbKZiq9zRTk=,U3obq0LNDu4Z1mgwSLkLsacj3gE=
-62,120,TiiU1UsVDdHcI7mlVbKZiq9zRTk=,U3obq0LNDu4Z1mgwSLkLsacj3gE=
-63,120,TiiU1UsVDdHcI7mlVbKZiq9zRTk=,U3obq0LNDu4Z1mgwSLkLsacj3gE=
-49,119,TiiU1UsVDdHcI7mlVbKZiq9zRTk=,U3obq0LNDu4Z1mgwSLkLsacj3gE=
-51,119,TiiU1UsVDdHcI7mlVbKZiq9zRTk=,U3obq0LNDu4Z1mgwSLkLsacj3gE=
-50,119,TiiU1UsVDdHcI7mlVbKZiq9zRTk=,U3obq0LNDu4Z1mgwSLkLsacj3gE=
-64,116,TiiU1UsVDdHcI7mlVbKZiq9zRTk=,U3obq0LNDu4Z1mgwSLkLsacj3gE=
-53,119,TiiU1UsVDdHcI7mlVbKZiq9zRTk=,U3obq0LNDu4Z1mgwSLkLsacj3gE=
-52,119,TiiU1UsVDdHcI7mlVbKZiq9zRTk=,U3obq0LNDu4Z1mgwSLkLsacj3gE=
-54,119,TiiU1UsVDdHcI7mlVbKZiq9zRTk=,U3obq0LNDu4Z1mgwSLkLsacj3gE=
-55,119,TiiU1UsVDdHcI7mlVbKZiq9zRTk=,U3obq0LNDu4Z1mgwSLkLsacj3gE=
-56,119,TiiU1UsVDdHcI7mlVbKZiq9zRTk=,U3obq0LNDu4Z1mgwSLkLsacj3gE=
-57,119,TiiU1UsVDdHcI7mlVbKZiq9zRTk=,U3obq0LNDu4Z1mgwSLkLsacj3gE=
-63,116,TiiU1UsVDdHcI7mlVbKZiq9zRTk=,U3obq0LNDu4Z1mgwSLkLsacj3gE=
-59,119,TiiU1UsVDdHcI7mlVbKZiq9zRTk=,U3obq0LNDu4Z1mgwSLkLsacj3gE=
-60,119,TiiU1UsVDdHcI7mlVbKZiq9zRTk=,U3obq0LNDu4Z1mgwSLkLsacj3gE=
-64,120,TiiU1UsVDdHcI7mlVbKZiq9zRTk=,U3obq0LNDu4Z1mgwSLkLsacj3gE=
-58,119,TiiU1UsVDdHcI7mlVbKZiq9zRTk=,U3obq0LNDu4Z1mgwSLkLsacj3gE=
-61,119,TiiU1UsVDdHcI7mlVbKZiq9zRTk=,U3obq0LNDu4Z1mgwSLkLsacj3gE=
-62,119,TiiU1UsVDdHcI7mlVbKZiq9zRTk=,U3obq0LNDu4Z1mgwSLkLsacj3gE=
-63,119,TiiU1UsVDdHcI7mlVbKZiq9zRTk=,U3obq0LNDu4Z1mgwSLkLsacj3gE=
-63,121,TiiU1UsVDdHcI7mlVbKZiq9zRTk=,U3obq0LNDu4Z1mgwSLkLsacj3gE=
-52,114,TiiU1UsVDdHcI7mlVbKZiq9zRTk=,U3obq0LNDu4Z1mgwSLkLsacj3gE=
-53,114,TiiU1UsVDdHcI7mlVbKZiq9zRTk=,U3obq0LNDu4Z1mgwSLkLsacj3gE=
-62,116,TiiU1UsVDdHcI7mlVbKZiq9zRTk=,U3obq0LNDu4Z1mgwSLkLsacj3gE=
-49,118,TiiU1UsVDdHcI7mlVbKZiq9zRTk=,U3obq0LNDu4Z1mgwSLkLsacj3gE=
-64,119,TiiU1UsVDdHcI7mlVbKZiq9zRTk=,U3obq0LNDu4Z1mgwSLkLsacj3gE=
-54,112,TiiU1UsVDdHcI7mlVbKZiq9zRTk=,U3obq0LNDu4Z1mgwSLkLsacj3gE=
-54,114,TiiU1UsVDdHcI7mlVbKZiq9zRTk=,U3obq0LNDu4Z1mgwSLkLsacj3gE=
-51,118,TiiU1UsVDdHcI7mlVbKZiq9zRTk=,U3obq0LNDu4Z1mgwSLkLsacj3gE=
-50,118,TiiU1UsVDdHcI7mlVbKZiq9zRTk=,U3obq0LNDu4Z1mgwSLkLsacj3gE=
-53,118,TiiU1UsVDdHcI7mlVbKZiq9zRTk=,U3obq0LNDu4Z1mgwSLkLsacj3gE=
-54,118,TiiU1UsVDdHcI7mlVbKZiq9zRTk=,U3obq0LNDu4Z1mgwSLkLsacj3gE=
-55,112,TiiU1UsVDdHcI7mlVbKZiq9zRTk=,U3obq0LNDu4Z1mgwSLkLsacj3gE=
-52,118,TiiU1UsVDdHcI7mlVbKZiq9zRTk=,U3obq0LNDu4Z1mgwSLkLsacj3gE=
-55,118,TiiU1UsVDdHcI7mlVbKZiq9zRTk=,U3obq0LNDu4Z1mgwSLkLsacj3gE=
-57,118,TiiU1UsVDdHcI7mlVbKZiq9zRTk=,U3obq0LNDu4Z1mgwSLkLsacj3gE=
-56,118,TiiU1UsVDdHcI7mlVbKZiq9zRTk=,U3obq0LNDu4Z1mgwSLkLsacj3gE=
-61,116,TiiU1UsVDdHcI7mlVbKZiq9zRTk=,U3obq0LNDu4Z1mgwSLkLsacj3gE=
-58,118,TiiU1UsVDdHcI7mlVbKZiq9zRTk=,U3obq0LNDu4Z1mgwSLkLsacj3gE=
-61,118,TiiU1UsVDdHcI7mlVbKZiq9zRTk=,U3obq0LNDu4Z1mgwSLkLsacj3gE=
-62,118,TiiU1UsVDdHcI7mlVbKZiq9zRTk=,U3obq0LNDu4Z1mgwSLkLsacj3gE=
-59,118,TiiU1UsVDdHcI7mlVbKZiq9zRTk=,U3obq0LNDu4Z1mgwSLkLsacj3gE=
-55,114,TiiU1UsVDdHcI7mlVbKZiq9zRTk=,U3obq0LNDu4Z1mgwSLkLsacj3gE=
-60,118,TiiU1UsVDdHcI7mlVbKZiq9zRTk=,U3obq0LNDu4Z1mgwSLkLsacj3gE=
-63,118,TiiU1UsVDdHcI7mlVbKZiq9zRTk=,U3obq0LNDu4Z1mgwSLkLsacj3gE=
-54,113,TiiU1UsVDdHcI7mlVbKZiq9zRTk=,U3obq0LNDu4Z1mgwSLkLsacj3gE=
-56,112,TiiU1UsVDdHcI7mlVbKZiq9zRTk=,U3obq0LNDu4Z1mgwSLkLsacj3gE=
-64,118,TiiU1UsVDdHcI7mlVbKZiq9zRTk=,U3obq0LNDu4Z1mgwSLkLsacj3gE=
-51,114,TiiU1UsVDdHcI7mlVbKZiq9zRTk=,U3obq0LNDu4Z1mgwSLkLsacj3gE=
-53,117,TiiU1UsVDdHcI7mlVbKZiq9zRTk=,U3obq0LNDu4Z1mgwSLkLsacj3gE=
-60,116,TiiU1UsVDdHcI7mlVbKZiq9zRTk=,U3obq0LNDu4Z1mgwSLkLsacj3gE=
-56,117,TiiU1UsVDdHcI7mlVbKZiq9zRTk=,U3obq0LNDu4Z1mgwSLkLsacj3gE=
-55,117,TiiU1UsVDdHcI7mlVbKZiq9zRTk=,U3obq0LNDu4Z1mgwSLkLsacj3gE=
-54,117,TiiU1UsVDdHcI7mlVbKZiq9zRTk=,U3obq0LNDu4Z1mgwSLkLsacj3gE=
-58,117,TiiU1UsVDdHcI7mlVbKZiq9zRTk=,U3obq0LNDu4Z1mgwSLkLsacj3gE=
-59,117,TiiU1UsVDdHcI7mlVbKZiq9zRTk=,U3obq0LNDu4Z1mgwSLkLsacj3gE=
-56,113,TiiU1UsVDdHcI7mlVbKZiq9zRTk=,U3obq0LNDu4Z1mgwSLkLsacj3gE=
-60,117,TiiU1UsVDdHcI7mlVbKZiq9zRTk=,U3obq0LNDu4Z1mgwSLkLsacj3gE=
-59,116,TiiU1UsVDdHcI7mlVbKZiq9zRTk=,U3obq0LNDu4Z1mgwSLkLsacj3gE=
-55,113,TiiU1UsVDdHcI7mlVbKZiq9zRTk=,U3obq0LNDu4Z1mgwSLkLsacj3gE=
-49,117,TiiU1UsVDdHcI7mlVbKZiq9zRTk=,U3obq0LNDu4Z1mgwSLkLsacj3gE=
-61,117,TiiU1UsVDdHcI7mlVbKZiq9zRTk=,U3obq0LNDu4Z1mgwSLkLsacj3gE=
-57,117,TiiU1UsVDdHcI7mlVbKZiq9zRTk=,U3obq0LNDu4Z1mgwSLkLsacj3gE=
-62,117,TiiU1UsVDdHcI7mlVbKZiq9zRTk=,U3obq0LNDu4Z1mgwSLkLsacj3gE=
-63,117,TiiU1UsVDdHcI7mlVbKZiq9zRTk=,U3obq0LNDu4Z1mgwSLkLsacj3gE=
-64,117,TiiU1UsVDdHcI7mlVbKZiq9zRTk=,U3obq0LNDu4Z1mgwSLkLsacj3gE=
-52,117,TiiU1UsVDdHcI7mlVbKZiq9zRTk=,U3obq0LNDu4Z1mgwSLkLsacj3gE=
-64,112,TiiU1UsVDdHcI7mlVbKZiq9zRTk=,U3obq0LNDu4Z1mgwSLkLsacj3gE=
-57,112,TiiU1UsVDdHcI7mlVbKZiq9zRTk=,U3obq0LNDu4Z1mgwSLkLsacj3gE=
-56,114,TiiU1UsVDdHcI7mlVbKZiq9zRTk=,U3obq0LNDu4Z1mgwSLkLsacj3gE=
-54,116,TiiU1UsVDdHcI7mlVbKZiq9zRTk=,U3obq0LNDu4Z1mgwSLkLsacj3gE=
-55,116,TiiU1UsVDdHcI7mlVbKZiq9zRTk=,U3obq0LNDu4Z1mgwSLkLsacj3gE=
-53,116,TiiU1UsVDdHcI7mlVbKZiq9zRTk=,U3obq0LNDu4Z1mgwSLkLsacj3gE=
-56,116,TiiU1UsVDdHcI7mlVbKZiq9zRTk=,U3obq0LNDu4Z1mgwSLkLsacj3gE=
-57,113,TiiU1UsVDdHcI7mlVbKZiq9zRTk=,U3obq0LNDu4Z1mgwSLkLsacj3gE=
-57,116,TiiU1UsVDdHcI7mlVbKZiq9zRTk=,U3obq0LNDu4Z1mgwSLkLsacj3gE=
-51,116,TiiU1UsVDdHcI7mlVbKZiq9zRTk=,U3obq0LNDu4Z1mgwSLkLsacj3gE=
-58,116,TiiU1UsVDdHcI7mlVbKZiq9zRTk=,U3obq0LNDu4Z1mgwSLkLsacj3gE=
-52,116,TiiU1UsVDdHcI7mlVbKZiq9zRTk=,U3obq0LNDu4Z1mgwSLkLsacj3gE=
-51,117,TiiU1UsVDdHcI7mlVbKZiq9zRTk=,U3obq0LNDu4Z1mgwSLkLsacj3gE=
-50,117,TiiU1UsVDdHcI7mlVbKZiq9zRTk=,U3obq0LNDu4Z1mgwSLkLsacj3gE=
-49,116,TiiU1UsVDdHcI7mlVbKZiq9zRTk=,U3obq0LNDu4Z1mgwSLkLsacj3gE=
-50,116,TiiU1UsVDdHcI7mlVbKZiq9zRTk=,U3obq0LNDu4Z1mgwSLkLsacj3gE=
