133,128,CNFut/c3HT6G83fWCW3JM7N76RE=,vcfCxi0u0jZ90vnAvvj9FkGUrH0=
135,131,CNFut/c3HT6G83fWCW3JM7N76RE=,vcfCxi0u0jZ90vnAvvj9FkGUrH0=
134,130,CNFut/c3HT6G83fWCW3JM7N76RE=,vcfCxi0u0jZ90vnAvvj9FkGUrH0=
134,131,CNFut/c3HT6G83fWCW3JM7N76RE=,vcfCxi0u0jZ90vnAvvj9FkGUrH0=
131,128,CNFut/c3HT6G83fWCW3JM7N76RE=,vcfCxi0u0jZ90vnAvvj9FkGUrH0=
132,131,CNFut/c3HT6G83fWCW3JM7N76RE=,vcfCxi0u0jZ90vnAvvj9FkGUrH0=
133,131,CNFut/c3HT6G83fWCW3JM7N76RE=,vcfCxi0u0jZ90vnAvvj9FkGUrH0=
133,130,CNFut/c3HT6G83fWCW3JM7N76RE=,vcfCxi0u0jZ90vnAvvj9FkGUrH0=
131,131,CNFut/c3HT6G83fWCW3JM7N76RE=,vcfCxi0u0jZ90vnAvvj9FkGUrH0=
133,129,CNFut/c3HT6G83fWCW3JM7N76RE=,vcfCxi0u0jZ90vnAvvj9FkGUrH0=
132,129,CNFut/c3HT6G83fWCW3JM7N76RE=,vcfCxi0u0jZ90vnAvvj9FkGUrH0=
130,131,CNFut/c3HT6G83fWCW3JM7N76RE=,vcfCxi0u0jZ90vnAvvj9FkGUrH0=
132,130,CNFut/c3HT6G83fWCW3JM7N76RE=,vcfCxi0u0jZ90vnAvvj9FkGUrH0=
129,128,CNFut/c3HT6G83fWCW3JM7N76RE=,vcfCxi0u0jZ90vnAvvj9FkGUrH0=
143,143,CNFut/c3HT6G83fWCW3JM7N76RE=,vcfCxi0u0jZ90vnAvvj9FkGUrH0=
142,143,CNFut/c3HT6G83fWCW3JM7N76RE=,vcfCxi0u0jZ90vnAvvj9FkGUrH0=
141,143,CNFut/c3HT6G83fWCW3JM7N76RE=,vcfCxi0u0jZ90vnAvvj9FkGUrH0=
140,143,CNFut/c3HT6G83fWCW3JM7N76RE=,vcfCxi0u0jZ90vnAvvj9FkGUrH0=
139,143,CNFut/c3HT6G83fWCW3JM7N76RE=,vcfCxi0u0jZ90vnAvvj9FkGUrH0=
138,143,CNFut/c3HT6G83fWCW3JM7N76RE=,vcfCxi0u0jZ90vnAvvj9FkGUrH0=
137,143,CNFut/c3HT6G83fWCW3JM7N76RE=,vcfCxi0u0jZ90vnAvvj9FkGUrH0=
136,143,CNFut/c3HT6G83fWCW3JM7N76RE=,vcfCxi0u0jZ90vnAvvj9FkGUrH0=
135,143,CNFut/c3HT6G83fWCW3JM7N76RE=,vcfCxi0u0jZ90vnAvvj9FkGUrH0=
134,143,CNFut/c3HT6G83fWCW3JM7N76RE=,vcfCxi0u0jZ90vnAvvj9FkGUrH0=
133,143,CNFut/c3HT6G83fWCW3JM7N76RE=,vcfCxi0u0jZ90vnAvvj9FkGUrH0=
132,143,CNFut/c3HT6G83fWCW3JM7N76RE=,vcfCxi0u0jZ90vnAvvj9FkGUrH0=
131,143,CNFut/c3HT6G83fWCW3JM7N76RE=,vcfCxi0u0jZ90vnAvvj9FkGUrH0=
130,143,CNFut/c3HT6G83fWCW3JM7N76RE=,vcfCxi0u0jZ90vnAvvj9FkGUrH0=
129,143,CNFut/c3HT6G83fWCW3JM7N76RE=,vcfCxi0u0jZ90vnAvvj9FkGUrH0=
128,143,CNFut/c3HT6G83fWCW3JM7N76RE=,vcfCxi0u0jZ90vnAvvj9FkGUrH0=
132,128,CNFut/c3HT6G83fWCW3JM7N76RE=,vcfCxi0u0jZ90vnAvvj9FkGUrH0=
129,131,CNFut/c3HT6G83fWCW3JM7N76RE=,vcfCxi0u0jZ90vnAvvj9FkGUrH0=
143,142,CNFut/c3HT6G83fWCW3JM7N76RE=,vcfCxi0u0jZ90vnAvvj9FkGUrH0=
131,130,CNFut/c3HT6G83fWCW3JM7N76RE=,vcfCxi0u0jZ90vnAvvj9FkGUrH0=
142,142,CNFut/c3HT6G83fWCW3JM7N76RE=,vcfCxi0u0jZ90vnAvvj9FkGUrH0=
141,142,CNFut/c3HT6G83fWCW3JM7N76RE=,vcfCxi0u0jZ90vnAvvj9FkGUrH0=
140,142,CNFut/c3HT6G83fWCW3JM7N76RE=,vcfCxi0u0jZ90vnAvvj9FkGUrH0=
138,142,CNFut/c3HT6G83fWCW3JM7N76RE=,vcfCxi0u0jZ90vnAvvj9FkGUrH0=
137,142,CNFut/c3HT6G83fWCW3JM7N76RE=,vcfCxi0u0jZ90vnAvvj9FkGUrH0=
136,142,CNFut/c3HT6G83fWCW3JM7N76RE=,vcfCxi0u0jZ90vnAvvj9FkGUrH0=
135,142,CNFut/c3HT6G83fWCW3JM7N76RE=,vcfCxi0u0jZ90vnAvvj9FkGUrH0=
139,142,CNFut/c3HT6G83fWCW3JM7N76RE=,vcfCxi0u0jZ90vnAvvj9FkGUrH0=
134,142,CNFut/c3HT6G83fWCW3JM7N76RE=,vcfCxi0u0jZ90vnAvvj9FkGUrH0=
132,142,CNFut/c3HT6G83fWCW3JM7N76RE=,vcfCxi0u0jZ90vnAvvj9FkGUrH0=
131,142,CNFut/c3HT6G83fWCW3JM7N76RE=,vcfCxi0u0jZ90vnAvvj9FkGUrH0=
133,142,CNFut/c3HT6G83fWCW3JM7N76RE=,vcfCxi0u0jZ90vnAvvj9FkGUrH0=
130,142,CNFut/c3HT6G83fWCW3JM7N76RE=,vcfCxi0u0jZ90vnAvvj9FkGUrH0=
129,142,CNFut/c3HT6G83fWCW3JM7N76RE=,vcfCxi0u0jZ90vnAvvj9FkGUrH0=
128,142,CNFut/c3HT6G83fWCW3JM7N76RE=,vcfCxi0u0jZ90vnAvvj9FkGUrH0=
143,141,CNFut/c3HT6G83fWCW3JM7N76RE=,vcfCxi0u0jZ90vnAvvj9FkGUrH0=
131,129,CNFut/c3HT6G83fWCW3JM7N76RE=,vcfCxi0u0jZ90vnAvvj9FkGUrH0=
130,130,CNFut/c3HT6G83fWCW3JM7N76RE=,vcfCxi0u0jZ90vnAvvj9FkGUrH0=
142,141,CNFut/c3HT6G83fWCW3JM7N76RE=,vcfCxi0u0jZ90vnAvvj9FkGUrH0=
141,141,CNFut/c3HT6G83fWCW3JM7N76RE=,vcfCxi0u0jZ90vnAvvj9FkGUrH0=
140,141,CNFut/c3HT6G83fWCW3JM7N76RE=,vcfCxi0u0jZ90vnAvvj9FkGUrH0=
139,141,CNFut/c3HT6G83fWCW3JM7N76RE=,vcfCxi0u0jZ90vnAvvj9FkGUrH0=
138,141,CNFut/c3HT6G83fWCW3JM7N76RE=,vcfCxi0u0jZ90vnAvvj9FkGUrH0=
137,141,CNFut/c3HT6G83fWCW3JM7N76RE=,vcfCxi0u0jZ90vnAvvj9FkGUrH0=
136,141,CNFut/c3HT6G83fWCW3JM7N76RE=,vcfCxi0u0jZ90vnAvvj9FkGUrH0=
134,141,CNFut/c3HT6G83fWCW3JM7N76RE=,vcfCxi0u0jZ90vnAvvj9FkGUrH0=
133,141,CNFut/c3HT6G83fWCW3JM7N76RE=,vcfCxi0u0jZ90vnAvvj9FkGUrH0=
135,141,CNFut/c3HT6G83fWCW3JM7N76RE=,vcfCxi0u0jZ90vnAvvj9FkGUrH0=
132,141,CNFut/c3HT6G83fWCW3JM7N76RE=,vcfCxi0u0jZ90vnAvvj9FkGUrH0=
130,141,CNFut/c3HT6G83fWCW3JM7N76RE=,vcfCxi0u0jZ90vnAvvj9FkGUrH0=
131,141,CNFut/c3HT6G83fWCW3JM7N76RE=,vcfCxi0u0jZ90vnAvvj9FkGUrH0=
130,129,CNFut/c3HT6G83fWCW3JM7N76RE=,vcfCxi0u0jZ90vnAvvj9FkGUrH0=
129,141,CNFut/c3HT6G83fWCW3JM7N76RE=,vcfCxi0u0jZ90vnAvvj9FkGUrH0=
128,141,CNFut/c3HT6G83fWCW3JM7N76RE=,vcfCxi0u0jZ90vnAvvj9FkGUrH0=
143,140,CNFut/c3HT6G83fWCW3JM7N76RE=,vcfCxi0u0jZ90vnAvvj9FkGUrH0=
129,130,CNFut/c3HT6G83fWCW3JM7N76RE=,vcfCxi0u0jZ90vnAvvj9FkGUrH0=
142,140,CNFut/c3HT6G83fWCW3JM7N76RE=,vcfCxi0u0jZ90vnAvvj9FkGUrH0=
141,140,CNFut/c3HT6G83fWCW3JM7N76RE=,vcfCxi0u0jZ90vnAvvj9FkGUrH0=
140,140,CNFut/c3HT6G83fWCW3JM7N76RE=,vcfCxi0u0jZ90vnAvvj9FkGUrH0=
139,140,CNFut/c3HT6G83fWCW3JM7N76RE=,vcfCxi0u0jZ90vnAvvj9FkGUrH0=
137,140,CNFut/c3HT6G83fWCW3JM7N76RE=,vcfCxi0u0jZ90vnAvvj9FkGUrH0=
138,140,CNFut/c3HT6G83fWCW3JM7N76RE=,vcfCxi0u0jZ90vnAvvj9FkGUrH0=
135,140,CNFut/c3HT6G83fWCW3JM7N76RE=,vcfCxi0u0jZ90vnAvvj9FkGUrH0=
134,140,CNFut/c3HT6G83fWCW3JM7N76RE=,vcfCxi0u0jZ90vnAvvj9FkGUrH0=
136,140,CNFut/c3HT6G83fWCW3JM7N76RE=,vcfCxi0u0jZ90vnAvvj9FkGUrH0=
133,140,CNFut/c3HT6G83fWCW3JM7N76RE=,vcfCxi0u0jZ90vnAvvj9FkGUrH0=
132,140,CNFut/c3HT6G83fWCW3JM7N76RE=,vcfCxi0u0jZ90vnAvvj9FkGUrH0=
131,140,CNFut/c3HT6G83fWCW3JM7N76RE=,vcfCxi0u0jZ90vnAvvj9FkGUrH0=
130,140,CNFut/c3HT6G83fWCW3JM7N76RE=,vcfCxi0u0jZ90vnAvvj9FkGUrH0=
129,140,CNFut/c3HT6G83fWCW3JM7N76RE=,vcfCxi0u0jZ90vnAvvj9FkGUrH0=
128,140,CNFut/c3HT6G83fWCW3JM7N76RE=,vcfCxi0u0jZ90vnAvvj9FkGUrH0=
129,129,CNFut/c3HT6G83fWCW3JM7N76RE=,vcfCxi0u0jZ90vnAvvj9FkGUrH0=
128,129,CNFut/c3HT6G83fWCW3JM7N76RE=,vcfCxi0u0jZ90vnAvvj9FkGUrH0=
128,131,CNFut/c3HT6G83fWCW3JM7N76RE=,vcfCxi0u0jZ90vnAvvj9FkGUrH0=
142,128,CNFut/c3HT6G83fWCW3JM7N76RE=,vcfCxi0u0jZ90vnAvvj9FkGUrH0=
128,130,CNFut/c3HT6G83fWCW3JM7N76RE=,vcfCxi0u0jZ90vnAvvj9FkGUrH0=
130,128,CNFut/c3HT6G83fWCW3JM7N76RE=,vcfCxi0u0jZ90vnAvvj9FkGUrH0=
143,130,CNFut/c3HT6G83fWCW3JM7N76RE=,vcfCxi0u0jZ90vnAvvj9FkGUrH0=
142,129,CNFut/c3HT6G83fWCW3JM7N76RE=,vcfCxi0u0jZ90vnAvvj9FkGUrH0=
142,139,CNFut/c3HT6G83fWCW3JM7N76RE=,vcfCxi0u0jZ90vnAvvj9FkGUrH0=
143,139,CNFut/c3HT6G83fWCW3JM7N76RE=,vcfCxi0u0jZ90vnAvvj9FkGUrH0=
143,129,CNFut/c3HT6G83fWCW3JM7N76RE=,vcfCxi0u0jZ90vnAvvj9FkGUrH0=
141,139,CNFut/c3HT6G83fWCW3JM7N76RE=,vcfCxi0u0jZ90vnAvvj9FkGUrH0=
140,139,CNFut/c3HT6G83fWCW3JM7N76RE=,vcfCxi0u0jZ90vnAvvj9FkGUrH0=
139,139,CNFut/c3HT6G83fWCW3JM7N76RE=,vcfCxi0u0jZ90vnAvvj9FkGUrH0=
137,139,CNFut/c3HT6G83fWCW3JM7N76RE=,vcfCxi0u0jZ90vnAvvj9FkGUrH0=
138,139,CNFut/c3HT6G83fWCW3JM7N76RE=,vcfCxi0u0jZ90vnAvvj9FkGUrH0=
136,139,CNFut/c3HT6G83fWCW3JM7N76RE=,vcfCxi0u0jZ90vnAvvj9FkGUrH0=
135,139,CNFut/c3HT6G83fWCW3JM7N76RE=,vcfCxi0u0jZ90vnAvvj9FkGUrH0=
134,139,CNFut/c3HT6G83fWCW3JM7N76RE=,vcfCxi0u0jZ90vnAvvj9FkGUrH0=
133,139,CNFut/c3HT6G83fWCW3JM7N76RE=,vcfCxi0u0jZ90vnAvvj9FkGUrH0=
131,139,CNFut/c3HT6G83fWCW3JM7N76RE=,vcfCxi0u0jZ90vnAvvj9FkGUrH0=
130,139,CNFut/c3HT6G83fWCW3JM7N76RE=,vcfCxi0u0jZ90vnAvvj9FkGUrH0=
132,139,CNFut/c3HT6G83fWCW3JM7N76RE=,vcfCxi0u0jZ90vnAvvj9FkGUrH0=
129,139,CNFut/c3HT6G83fWCW3JM7N76RE=,vcfCxi0u0jZ90vnAvvj9FkGUrH0=
128,139,CNFut/c3HT6G83fWCW3JM7N76RE=,vcfCxi0u0jZ90vnAvvj9FkGUrH0=
142,130,CNFut/c3HT6G83fWCW3JM7N76RE=,vcfCxi0u0jZ90vnAvvj9FkGUrH0=
141,128,CNFut/c3HT6G83fWCW3JM7N76RE=,vcfCxi0u0jZ90vnAvvj9FkGUrH0=
143,138,CNFut/c3HT6G83fWCW3JM7N76RE=,vcfCxi0u0jZ90vnAvvj9FkGUrH0=
141,129,CNFut/c3HT6G83fWCW3JM7N76RE=,vcfCxi0u0jZ90vnAvvj9FkGUrH0=
142,138,CNFut/c3HT6G83fWCW3JM7N76RE=,vcfCxi0u0jZ90vnAvvj9FkGUrH0=
141,138,CNFut/c3HT6G83fWCW3JM7N76RE=,vcfCxi0u0jZ90vnAvvj9FkGUrH0=
140,138,CNFut/c3HT6G83fWCW3JM7N76RE=,vcfCxi0u0jZ90vnAvvj9FkGUrH0=
138,138,CNFut/c3HT6G83fWCW3JM7N76RE=,vcfCxi0u0jZ90vnAvvj9FkGUrH0=
139,138,CNFut/c3HT6G83fWCW3JM7N76RE=,vcfCxi0u0jZ90vnAvvj9FkGUrH0=
136,138,CNFut/c3HT6G83fWCW3JM7N76RE=,vcfCxi0u0jZ90vnAvvj9FkGUrH0=
137,138,CNFut/c3HT6G83fWCW3JM7N76RE=,vcfCxi0u0jZ90vnAvvj9FkGUrH0=
135,138,CNFut/c3HT6G83fWCW3JM7N76RE=,vcfCxi0u0jZ90vnAvvj9FkGUrH0=
134,138,CNFut/c3HT6G83fWCW3JM7N76RE=,vcfCxi0u0jZ90vnAvvj9FkGUrH0=
133,138,CNFut/c3HT6G83fWCW3JM7N76RE=,vcfCxi0u0jZ90vnAvvj9FkGUrH0=
132,138,CNFut/c3HT6G83fWCW3JM7N76RE=,vcfCxi0u0jZ90vnAvvj9FkGUrH0=
131,138,CNFut/c3HT6G83fWCW3JM7N76RE=,vcfCxi0u0jZ90vnAvvj9FkGUrH0=
130,138,CNFut/c3HT6G83fWCW3JM7N76RE=,vcfCxi0u0jZ90vnAvvj9FkGUrH0=
141,130,CNFut/c3HT6G83fWCW3JM7N76RE=,vcfCxi0u0jZ90vnAvvj9FkGUrH0=
129,138,CNFut/c3HT6G83fWCW3JM7N76RE=,vcfCxi0u0jZ90vnAvvj9FkGUrH0=
140,128,CNFut/c3HT6G83fWCW3JM7N76RE=,vcfCxi0u0jZ90vnAvvj9FkGUrH0=
128,138,CNFut/c3HT6G83fWCW3JM7N76RE=,vcfCxi0u0jZ90vnAvvj9FkGUrH0=
143,137,CNFut/c3HT6G83fWCW3JM7N76RE=,vcfCxi0u0jZ90vnAvvj9FkGUrH0=
140,129,CNFut/c3HT6G83fWCW3JM7N76RE=,vcfCxi0u0jZ90vnAvvj9FkGUrH0=
142,137,CNFut/c3HT6G83fWCW3JM7N76RE=,vcfCxi0u0jZ90vnAvvj9FkGUrH0=
141,137,CNFut/c3HT6G83fWCW3JM7N76RE=,vcfCxi0u0jZ90vnAvvj9FkGUrH0=
140,137,CNFut/c3HT6G83fWCW3JM7N76RE=,vcfCxi0u0jZ90vnAvvj9FkGUrH0=
138,137,CNFut/c3HT6G83fWCW3JM7N76RE=,vcfCxi0u0jZ90vnAvvj9FkGUrH0=
137,137,CNFut/c3HT6G83fWCW3JM7N76RE=,vcfCxi0u0jZ90vnAvvj9FkGUrH0=
139,137,CNFut/c3HT6G83fWCW3JM7N76RE=,vcfCxi0u0jZ90vnAvvj9FkGUrH0=
135,137,CNFut/c3HT6G83fWCW3JM7N76RE=,vcfCxi0u0jZ90vnAvvj9FkGUrH0=
136,137,CNFut/c3HT6G83fWCW3JM7N76RE=,vcfCxi0u0jZ90vnAvvj9FkGUrH0=
132,137,CNFut/c3HT6G83fWCW3JM7N76RE=,vcfCxi0u0jZ90vnAvvj9FkGUrH0=
134,137,CNFut/c3HT6G83fWCW3JM7N76RE=,vcfCxi0u0jZ90vnAvvj9FkGUrH0=
133,137,CNFut/c3HT6G83fWCW3JM7N76RE=,vcfCxi0u0jZ90vnAvvj9FkGUrH0=
130,137,CNFut/c3HT6G83fWCW3JM7N76RE=,vcfCxi0u0jZ90vnAvvj9FkGUrH0=
131,137,CNFut/c3HT6G83fWCW3JM7N76RE=,vcfCxi0u0jZ90vnAvvj9FkGUrH0=
140,130,CNFut/c3HT6G83fWCW3JM7N76RE=,vcfCxi0u0jZ90vnAvvj9FkGUrH0=
129,137,CNFut/c3HT6G83fWCW3JM7N76RE=,vcfCxi0u0jZ90vnAvvj9FkGUrH0=
139,128,CNFut/c3HT6G83fWCW3JM7N76RE=,vcfCxi0u0jZ90vnAvvj9FkGUrH0=
128,137,CNFut/c3HT6G83fWCW3JM7N76RE=,vcfCxi0u0jZ90vnAvvj9FkGUrH0=
139,129,CNFut/c3HT6G83fWCW3JM7N76RE=,vcfCxi0u0jZ90vnAvvj9FkGUrH0=
142,136,CNFut/c3HT6G83fWCW3JM7N76RE=,vcfCxi0u0jZ90vnAvvj9FkGUrH0=
143,136,CNFut/c3HT6G83fWCW3JM7N76RE=,vcfCxi0u0jZ90vnAvvj9FkGUrH0=
141,136,CNFut/c3HT6G83fWCW3JM7N76RE=,vcfCxi0u0jZ90vnAvvj9FkGUrH0=
140,136,CNFut/c3HT6G83fWCW3JM7N76RE=,vcfCxi0u0jZ90vnAvvj9FkGUrH0=
139,136,CNFut/c3HT6G83fWCW3JM7N76RE=,vcfCxi0u0jZ90vnAvvj9FkGUrH0=
138,136,CNFut/c3HT6G83fWCW3JM7N76RE=,vcfCxi0u0jZ90vnAvvj9FkGUrH0=
136,136,CNFut/c3HT6G83fWCW3JM7N76RE=,vcfCxi0u0jZ90vnAvvj9FkGUrH0=
137,136,CNFut/c3HT6G83fWCW3JM7N76RE=,vcfCxi0u0jZ90vnAvvj9FkGUrH0=
135,136,CNFut/c3HT6G83fWCW3JM7N76RE=,vcfCxi0u0jZ90vnAvvj9FkGUrH0=
134,136,CNFut/c3HT6G83fWCW3JM7N76RE=,vcfCxi0u0jZ90vnAvvj9FkGUrH0=
133,136,CNFut/c3HT6G83fWCW3JM7N76RE=,vcfCxi0u0jZ90vnAvvj9FkGUrH0=
132,136,CNFut/c3HT6G83fWCW3JM7N76RE=,vcfCxi0u0jZ90vnAvvj9FkGUrH0=
130,136,CNFut/c3HT6G83fWCW3JM7N76RE=,vcfCxi0u0jZ90vnAvvj9FkGUrH0=
131,136,CNFut/c3HT6G83fWCW3JM7N76RE=,vcfCxi0u0jZ90vnAvvj9FkGUrH0=
129,136,CNFut/c3HT6G83fWCW3JM7N76RE=,vcfCxi0u0jZ90vnAvvj9FkGUrH0=
128,136,CNFut/c3HT6G83fWCW3JM7N76RE=,vcfCxi0u0jZ90vnAvvj9FkGUrH0=
138,128,CNFut/c3HT6G83fWCW3JM7N76RE=,vcfCxi0u0jZ90vnAvvj9FkGUrH0=
139,130,CNFut/c3HT6G83fWCW3JM7N76RE=,vcfCxi0u0jZ90vnAvvj9FkGUrH0=
138,129,CNFut/c3HT6G83fWCW3JM7N76RE=,vcfCxi0u0jZ90vnAvvj9FkGUrH0=
143,135,CNFut/c3HT6G83fWCW3JM7N76RE=,vcfCxi0u0jZ90vnAvvj9FkGUrH0=
140,135,CNFut/c3HT6G83fWCW3JM7N76RE=,vcfCxi0u0jZ90vnAvvj9FkGUrH0=
142,135,CNFut/c3HT6G83fWCW3JM7N76RE=,vcfCxi0u0jZ90vnAvvj9FkGUrH0=
141,135,CNFut/c3HT6G83fWCW3JM7N76RE=,vcfCxi0u0jZ90vnAvvj9FkGUrH0=
139,135,CNFut/c3HT6G83fWCW3JM7N76RE=,vcfCxi0u0jZ90vnAvvj9FkGUrH0=
138,135,CNFut/c3HT6G83fWCW3JM7N76RE=,vcfCxi0u0jZ90vnAvvj9FkGUrH0=
136,135,CNFut/c3HT6G83fWCW3JM7N76RE=,vcfCxi0u0jZ90vnAvvj9FkGUrH0=
134,135,CNFut/c3HT6G83fWCW3JM7N76RE=,vcfCxi0u0jZ90vnAvvj9FkGUrH0=
135,135,CNFut/c3HT6G83fWCW3JM7N76RE=,vcfCxi0u0jZ90vnAvvj9FkGUrH0=
133,135,CNFut/c3HT6G83fWCW3JM7N76RE=,vcfCxi0u0jZ90vnAvvj9FkGUrH0=
132,135,CNFut/c3HT6G83fWCW3JM7N76RE=,vcfCxi0u0jZ90vnAvvj9FkGUrH0=
130,135,CNFut/c3HT6G83fWCW3JM7N76RE=,vcfCxi0u0jZ90vnAvvj9FkGUrH0=
131,135,CNFut/c3HT6G83fWCW3JM7N76RE=,vcfCxi0u0jZ90vnAvvj9FkGUrH0=
129,135,CNFut/c3HT6G83fWCW3JM7N76RE=,vcfCxi0u0jZ90vnAvvj9FkGUrH0=
138,130,CNFut/c3HT6G83fWCW3JM7N76RE=,vcfCxi0u0jZ90vnAvvj9FkGUrH0=
137,128,CNFut/c3HT6G83fWCW3JM7N76RE=,vcfCxi0u0jZ90vnAvvj9FkGUrH0=
137,129,CNFut/c3HT6G83fWCW3JM7N76RE=,vcfCxi0u0jZ90vnAvvj9FkGUrH0=
128,135,CNFut/c3HT6G83fWCW3JM7N76RE=,vcfCxi0u0jZ90vnAvvj9FkGUrH0=
141,134,CNFut/c3HT6G83fWCW3JM7N76RE=,vcfCxi0u0jZ90vnAvvj9FkGUrH0=
142,134,CNFut/c3HT6G83fWCW3JM7N76RE=,vcfCxi0u0jZ90vnAvvj9FkGUrH0=
137,135,CNFut/c3HT6G83fWCW3JM7N76RE=,vcfCxi0u0jZ90vnAvvj9FkGUrH0=
139,134,CNFut/c3HT6G83fWCW3JM7N76RE=,vcfCxi0u0jZ90vnAvvj9FkGUrH0=
143,134,CNFut/c3HT6G83fWCW3JM7N76RE=,vcfCxi0u0jZ90vnAvvj9FkGUrH0=
137,134,CNFut/c3HT6G83fWCW3JM7N76RE=,vcfCxi0u0jZ90vnAvvj9FkGUrH0=
136,134,CNFut/c3HT6G83fWCW3JM7N76RE=,vcfCxi0u0jZ90vnAvvj9FkGUrH0=
138,134,CNFut/c3HT6G83fWCW3JM7N76RE=,vcfCxi0u0jZ90vnAvvj9FkGUrH0=
135,134,CNFut/c3HT6G83fWCW3JM7N76RE=,vcfCxi0u0jZ90vnAvvj9FkGUrH0=
134,134,CNFut/c3HT6G83fWCW3JM7N76RE=,vcfCxi0u0jZ90vnAvvj9FkGUrH0=
133,134,CNFut/c3HT6G83fWCW3JM7N76RE=,vcfCxi0u0jZ90vnAvvj9FkGUrH0=
132,134,CNFut/c3HT6G83fWCW3JM7N76RE=,vcfCxi0u0jZ90vnAvvj9FkGUrH0=
130,134,CNFut/c3HT6G83fWCW3JM7N76RE=,vcfCxi0u0jZ90vnAvvj9FkGUrH0=
131,134,CNFut/c3HT6G83fWCW3JM7N76RE=,vcfCxi0u0jZ90vnAvvj9FkGUrH0=
129,134,CNFut/c3HT6G83fWCW3JM7N76RE=,vcfCxi0u0jZ90vnAvvj9FkGUrH0=
137,130,CNFut/c3HT6G83fWCW3JM7N76RE=,vcfCxi0u0jZ90vnAvvj9FkGUrH0=
140,134,CNFut/c3HT6G83fWCW3JM7N76RE=,vcfCxi0u0jZ90vnAvvj9FkGUrH0=
136,128,CNFut/c3HT6G83fWCW3JM7N76RE=,vcfCxi0u0jZ90vnAvvj9FkGUrH0=
136,129,CNFut/c3HT6G83fWCW3JM7N76RE=,vcfCxi0u0jZ90vnAvvj9FkGUrH0=
142,133,CNFut/c3HT6G83fWCW3JM7N76RE=,vcfCxi0u0jZ90vnAvvj9FkGUrH0=
143,133,CNFut/c3HT6G83fWCW3JM7N76RE=,vcfCxi0u0jZ90vnAvvj9FkGUrH0=
128,134,CNFut/c3HT6G83fWCW3JM7N76RE=,vcfCxi0u0jZ90vnAvvj9FkGUrH0=
141,133,CNFut/c3HT6G83fWCW3JM7N76RE=,vcfCxi0u0jZ90vnAvvj9FkGUrH0=
139,133,CNFut/c3HT6G83fWCW3JM7N76RE=,vcfCxi0u0jZ90vnAvvj9FkGUrH0=
138,133,CNFut/c3HT6G83fWCW3JM7N76RE=,vcfCxi0u0jZ90vnAvvj9FkGUrH0=
140,133,CNFut/c3HT6G83fWCW3JM7N76RE=,vcfCxi0u0jZ90vnAvvj9FkGUrH0=
136,133,CNFut/c3HT6G83fWCW3JM7N76RE=,vcfCxi0u0jZ90vnAvvj9FkGUrH0=
137,133,CNFut/c3HT6G83fWCW3JM7N76RE=,vcfCxi0u0jZ90vnAvvj9FkGUrH0=
135,133,CNFut/c3HT6G83fWCW3JM7N76RE=,vcfCxi0u0jZ90vnAvvj9FkGUrH0=
134,133,CNFut/c3HT6G83fWCW3JM7N76RE=,vcfCxi0u0jZ90vnAvvj9FkGUrH0=
133,133,CNFut/c3HT6G83fWCW3JM7N76RE=,vcfCxi0u0jZ90vnAvvj9FkGUrH0=
132,133,CNFut/c3HT6G83fWCW3JM7N76RE=,vcfCxi0u0jZ90vnAvvj9FkGUrH0=
130,133,CNFut/c3HT6G83fWCW3JM7N76RE=,vcfCxi0u0jZ90vnAvvj9FkGUrH0=
129,133,CNFut/c3HT6G83fWCW3JM7N76RE=,vcfCxi0u0jZ90vnAvvj9FkGUrH0=
131,133,CNFut/c3HT6G83fWCW3JM7N76RE=,vcfCxi0u0jZ90vnAvvj9FkGUrH0=
135,128,CNFut/c3HT6G83fWCW3JM7N76RE=,vcfCxi0u0jZ90vnAvvj9FkGUrH0=
136,130,CNFut/c3HT6G83fWCW3JM7N76RE=,vcfCxi0u0jZ90vnAvvj9FkGUrH0=
128,133,CNFut/c3HT6G83fWCW3JM7N76RE=,vcfCxi0u0jZ90vnAvvj9FkGUrH0=
135,129,CNFut/c3HT6G83fWCW3JM7N76RE=,vcfCxi0u0jZ90vnAvvj9FkGUrH0=
143,132,CNFut/c3HT6G83fWCW3JM7N76RE=,vcfCxi0u0jZ90vnAvvj9FkGUrH0=
141,132,CNFut/c3HT6G83fWCW3JM7N76RE=,vcfCxi0u0jZ90vnAvvj9FkGUrH0=
142,132,CNFut/c3HT6G83fWCW3JM7N76RE=,vcfCxi0u0jZ90vnAvvj9FkGUrH0=
140,132,CNFut/c3HT6G83fWCW3JM7N76RE=,vcfCxi0u0jZ90vnAvvj9FkGUrH0=
139,132,CNFut/c3HT6G83fWCW3JM7N76RE=,vcfCxi0u0jZ90vnAvvj9FkGUrH0=
138,132,CNFut/c3HT6G83fWCW3JM7N76RE=,vcfCxi0u0jZ90vnAvvj9FkGUrH0=
137,132,CNFut/c3HT6G83fWCW3JM7N76RE=,vcfCxi0u0jZ90vnAvvj9FkGUrH0=
136,132,CNFut/c3HT6G83fWCW3JM7N76RE=,vcfCxi0u0jZ90vnAvvj9FkGUrH0=
135,132,CNFut/c3HT6G83fWCW3JM7N76RE=,vcfCxi0u0jZ90vnAvvj9FkGUrH0=
134,132,CNFut/c3HT6G83fWCW3JM7N76RE=,vcfCxi0u0jZ90vnAvvj9FkGUrH0=
133,132,CNFut/c3HT6G83fWCW3JM7N76RE=,vcfCxi0u0jZ90vnAvvj9FkGUrH0=
132,132,CNFut/c3HT6G83fWCW3JM7N76RE=,vcfCxi0u0jZ90vnAvvj9FkGUrH0=
131,132,CNFut/c3HT6G83fWCW3JM7N76RE=,vcfCxi0u0jZ90vnAvvj9FkGUrH0=
129,132,CNFut/c3HT6G83fWCW3JM7N76RE=,vcfCxi0u0jZ90vnAvvj9FkGUrH0=
130,132,CNFut/c3HT6G83fWCW3JM7N76RE=,vcfCxi0u0jZ90vnAvvj9FkGUrH0=
135,130,CNFut/c3HT6G83fWCW3JM7N76RE=,vcfCxi0u0jZ90vnAvvj9FkGUrH0=
128,132,CNFut/c3HT6G83fWCW3JM7N76RE=,vcfCxi0u0jZ90vnAvvj9FkGUrH0=
134,128,CNFut/c3HT6G83fWCW3JM7N76RE=,vcfCxi0u0jZ90vnAvvj9FkGUrH0=
134,129,CNFut/c3HT6G83fWCW3JM7N76RE=,vcfCxi0u0jZ90vnAvvj9FkGUrH0=
143,131,CNFut/c3HT6G83fWCW3JM7N76RE=,vcfCxi0u0jZ90vnAvvj9FkGUrH0=
142,131,CNFut/c3HT6G83fWCW3JM7N76RE=,vcfCxi0u0jZ90vnAvvj9FkGUrH0=
139,131,CNFut/c3HT6G83fWCW3JM7N76RE=,vcfCxi0u0jZ90vnAvvj9FkGUrH0=
141,131,CNFut/c3HT6G83fWCW3JM7N76RE=,vcfCxi0u0jZ90vnAvvj9FkGUrH0=
140,131,CNFut/c3HT6G83fWCW3JM7N76RE=,vcfCxi0u0jZ90vnAvvj9FkGUrH0=
138,131,CNFut/c3HT6G83fWCW3JM7N76RE=,vcfCxi0u0jZ90vnAvvj9FkGUrH0=
136,131,CNFut/c3HT6G83fWCW3JM7N76RE=,vcfCxi0u0jZ90vnAvvj9FkGUrH0=
137,131,CNFut/c3HT6G83fWCW3JM7N76RE=,vcfCxi0u0jZ90vnAvvj9FkGUrH0=
143,128,CNFut/c3HT6G83fWCW3JM7N76RE=,vcfCxi0u0jZ90vnAvvj9FkGUrH0=
128,128,CNFut/c3HT6G83fWCW3JM7N76RE=,vcfCxi0u0jZ90vnAvvj9FkGUrH0=
134,147,S4KTiugXdsRHGmPmIqBJfoUKoJU=,JmnJKv9apnqRqRfMEN4AKE+u3E8=
133,144,S4KTiugXdsRHGmPmIqBJfoUKoJU=,JmnJKv9apnqRqRfMEN4AKE+u3E8=
133,147,S4KTiugXdsRHGmPmIqBJfoUKoJU=,JmnJKv9apnqRqRfMEN4AKE+u3E8=
134,146,S4KTiugXdsRHGmPmIqBJfoUKoJU=,JmnJKv9apnqRqRfMEN4AKE+u3E8=
132,147,S4KTiugXdsRHGmPmIqBJfoUKoJU=,JmnJKv9apnqRqRfMEN4AKE+u3E8=
133,146,S4KTiugXdsRHGmPmIqBJfoUKoJU=,JmnJKv9apnqRqRfMEN4AKE+u3E8=
131,144,S4KTiugXdsRHGmPmIqBJfoUKoJU=,JmnJKv9apnqRqRfMEN4AKE+u3E8=
131,147,S4KTiugXdsRHGmPmIqBJfoUKoJU=,JmnJKv9apnqRqRfMEN4AKE+u3E8=
133,145,S4KTiugXdsRHGmPmIqBJfoUKoJU=,JmnJKv9apnqRqRfMEN4AKE+u3E8=
132,145,S4KTiugXdsRHGmPmIqBJfoUKoJU=,JmnJKv9apnqRqRfMEN4AKE+u3E8=
135,147,S4KTiugXdsRHGmPmIqBJfoUKoJU=,JmnJKv9apnqRqRfMEN4AKE+u3E8=
129,144,S4KTiugXdsRHGmPmIqBJfoUKoJU=,JmnJKv9apnqRqRfMEN4AKE+u3E8=
143,159,S4KTiugXdsRHGmPmIqBJfoUKoJU=,JmnJKv9apnqRqRfMEN4AKE+u3E8=
132,146,S4KTiugXdsRHGmPmIqBJfoUKoJU=,JmnJKv9apnqRqRfMEN4AKE+u3E8=
141,159,S4KTiugXdsRHGmPmIqBJfoUKoJU=,JmnJKv9apnqRqRfMEN4AKE+u3E8=
140,159,S4KTiugXdsRHGmPmIqBJfoUKoJU=,JmnJKv9apnqRqRfMEN4AKE+u3E8=
139,159,S4KTiugXdsRHGmPmIqBJfoUKoJU=,JmnJKv9apnqRqRfMEN4AKE+u3E8=
136,147,S4KTiugXdsRHGmPmIqBJfoUKoJU=,JmnJKv9apnqRqRfMEN4AKE+u3E8=
142,159,S4KTiugXdsRHGmPmIqBJfoUKoJU=,JmnJKv9apnqRqRfMEN4AKE+u3E8=
136,159,S4KTiugXdsRHGmPmIqBJfoUKoJU=,JmnJKv9apnqRqRfMEN4AKE+u3E8=
134,159,S4KTiugXdsRHGmPmIqBJfoUKoJU=,JmnJKv9apnqRqRfMEN4AKE+u3E8=
137,147,S4KTiugXdsRHGmPmIqBJfoUKoJU=,JmnJKv9apnqRqRfMEN4AKE+u3E8=
138,159,S4KTiugXdsRHGmPmIqBJfoUKoJU=,JmnJKv9apnqRqRfMEN4AKE+u3E8=
135,159,S4KTiugXdsRHGmPmIqBJfoUKoJU=,JmnJKv9apnqRqRfMEN4AKE+u3E8=
130,147,S4KTiugXdsRHGmPmIqBJfoUKoJU=,JmnJKv9apnqRqRfMEN4AKE+u3E8=
131,159,S4KTiugXdsRHGmPmIqBJfoUKoJU=,JmnJKv9apnqRqRfMEN4AKE+u3E8=
137,159,S4KTiugXdsRHGmPmIqBJfoUKoJU=,JmnJKv9apnqRqRfMEN4AKE+u3E8=
130,159,S4KTiugXdsRHGmPmIqBJfoUKoJU=,JmnJKv9apnqRqRfMEN4AKE+u3E8=
132,159,S4KTiugXdsRHGmPmIqBJfoUKoJU=,JmnJKv9apnqRqRfMEN4AKE+u3E8=
138,147,S4KTiugXdsRHGmPmIqBJfoUKoJU=,JmnJKv9apnqRqRfMEN4AKE+u3E8=
129,159,S4KTiugXdsRHGmPmIqBJfoUKoJU=,JmnJKv9apnqRqRfMEN4AKE+u3E8=
128,159,S4KTiugXdsRHGmPmIqBJfoUKoJU=,JmnJKv9apnqRqRfMEN4AKE+u3E8=
143,158,S4KTiugXdsRHGmPmIqBJfoUKoJU=,JmnJKv9apnqRqRfMEN4AKE+u3E8=
142,158,S4KTiugXdsRHGmPmIqBJfoUKoJU=,JmnJKv9apnqRqRfMEN4AKE+u3E8=
139,147,S4KTiugXdsRHGmPmIqBJfoUKoJU=,JmnJKv9apnqRqRfMEN4AKE+u3E8=
132,144,S4KTiugXdsRHGmPmIqBJfoUKoJU=,JmnJKv9apnqRqRfMEN4AKE+u3E8=
140,158,S4KTiugXdsRHGmPmIqBJfoUKoJU=,JmnJKv9apnqRqRfMEN4AKE+u3E8=
131,146,S4KTiugXdsRHGmPmIqBJfoUKoJU=,JmnJKv9apnqRqRfMEN4AKE+u3E8=
138,158,S4KTiugXdsRHGmPmIqBJfoUKoJU=,JmnJKv9apnqRqRfMEN4AKE+u3E8=
134,158,S4KTiugXdsRHGmPmIqBJfoUKoJU=,JmnJKv9apnqRqRfMEN4AKE+u3E8=
140,147,S4KTiugXdsRHGmPmIqBJfoUKoJU=,JmnJKv9apnqRqRfMEN4AKE+u3E8=
141,158,S4KTiugXdsRHGmPmIqBJfoUKoJU=,JmnJKv9apnqRqRfMEN4AKE+u3E8=
135,158,S4KTiugXdsRHGmPmIqBJfoUKoJU=,JmnJKv9apnqRqRfMEN4AKE+u3E8=
139,158,S4KTiugXdsRHGmPmIqBJfoUKoJU=,JmnJKv9apnqRqRfMEN4AKE+u3E8=
137,158,S4KTiugXdsRHGmPmIqBJfoUKoJU=,JmnJKv9apnqRqRfMEN4AKE+u3E8=
131,158,S4KTiugXdsRHGmPmIqBJfoUKoJU=,JmnJKv9apnqRqRfMEN4AKE+u3E8=
133,158,S4KTiugXdsRHGmPmIqBJfoUKoJU=,JmnJKv9apnqRqRfMEN4AKE+u3E8=
128,158,S4KTiugXdsRHGmPmIqBJfoUKoJU=,JmnJKv9apnqRqRfMEN4AKE+u3E8=
130,158,S4KTiugXdsRHGmPmIqBJfoUKoJU=,JmnJKv9apnqRqRfMEN4AKE+u3E8=
131,145,S4KTiugXdsRHGmPmIqBJfoUKoJU=,JmnJKv9apnqRqRfMEN4AKE+u3E8=
141,157,S4KTiugXdsRHGmPmIqBJfoUKoJU=,JmnJKv9apnqRqRfMEN4AKE+u3E8=
141,147,S4KTiugXdsRHGmPmIqBJfoUKoJU=,JmnJKv9apnqRqRfMEN4AKE+u3E8=
143,157,S4KTiugXdsRHGmPmIqBJfoUKoJU=,JmnJKv9apnqRqRfMEN4AKE+u3E8=
142,157,S4KTiugXdsRHGmPmIqBJfoUKoJU=,JmnJKv9apnqRqRfMEN4AKE+u3E8=
129,158,S4KTiugXdsRHGmPmIqBJfoUKoJU=,JmnJKv9apnqRqRfMEN4AKE+u3E8=
132,158,S4KTiugXdsRHGmPmIqBJfoUKoJU=,JmnJKv9apnqRqRfMEN4AKE+u3E8=
134,157,S4KTiugXdsRHGmPmIqBJfoUKoJU=,JmnJKv9apnqRqRfMEN4AKE+u3E8=
138,157,S4KTiugXdsRHGmPmIqBJfoUKoJU=,JmnJKv9apnqRqRfMEN4AKE+u3E8=
136,158,S4KTiugXdsRHGmPmIqBJfoUKoJU=,JmnJKv9apnqRqRfMEN4AKE+u3E8=
139,157,S4KTiugXdsRHGmPmIqBJfoUKoJU=,JmnJKv9apnqRqRfMEN4AKE+u3E8=
140,157,S4KTiugXdsRHGmPmIqBJfoUKoJU=,JmnJKv9apnqRqRfMEN4AKE+u3E8=
130,146,S4KTiugXdsRHGmPmIqBJfoUKoJU=,JmnJKv9apnqRqRfMEN4AKE+u3E8=
130,157,S4KTiugXdsRHGmPmIqBJfoUKoJU=,JmnJKv9apnqRqRfMEN4AKE+u3E8=
142,147,S4KTiugXdsRHGmPmIqBJfoUKoJU=,JmnJKv9apnqRqRfMEN4AKE+u3E8=
131,157,S4KTiugXdsRHGmPmIqBJfoUKoJU=,JmnJKv9apnqRqRfMEN4AKE+u3E8=
128,157,S4KTiugXdsRHGmPmIqBJfoUKoJU=,JmnJKv9apnqRqRfMEN4AKE+u3E8=
129,157,S4KTiugXdsRHGmPmIqBJfoUKoJU=,JmnJKv9apnqRqRfMEN4AKE+u3E8=
132,157,S4KTiugXdsRHGmPmIqBJfoUKoJU=,JmnJKv9apnqRqRfMEN4AKE+u3E8=
135,157,S4KTiugXdsRHGmPmIqBJfoUKoJU=,JmnJKv9apnqRqRfMEN4AKE+u3E8=
142,156,S4KTiugXdsRHGmPmIqBJfoUKoJU=,JmnJKv9apnqRqRfMEN4AKE+u3E8=
129,146,S4KTiugXdsRHGmPmIqBJfoUKoJU=,JmnJKv9apnqRqRfMEN4AKE+u3E8=
137,157,S4KTiugXdsRHGmPmIqBJfoUKoJU=,JmnJKv9apnqRqRfMEN4AKE+u3E8=
130,145,S4KTiugXdsRHGmPmIqBJfoUKoJU=,JmnJKv9apnqRqRfMEN4AKE+u3E8=
138,156,S4KTiugXdsRHGmPmIqBJfoUKoJU=,JmnJKv9apnqRqRfMEN4AKE+u3E8=
134,145,S4KTiugXdsRHGmPmIqBJfoUKoJU=,JmnJKv9apnqRqRfMEN4AKE+u3E8=
135,156,S4KTiugXdsRHGmPmIqBJfoUKoJU=,JmnJKv9apnqRqRfMEN4AKE+u3E8=
139,156,S4KTiugXdsRHGmPmIqBJfoUKoJU=,JmnJKv9apnqRqRfMEN4AKE+u3E8=
143,156,S4KTiugXdsRHGmPmIqBJfoUKoJU=,JmnJKv9apnqRqRfMEN4AKE+u3E8=
140,156,S4KTiugXdsRHGmPmIqBJfoUKoJU=,JmnJKv9apnqRqRfMEN4AKE+u3E8=
132,156,S4KTiugXdsRHGmPmIqBJfoUKoJU=,JmnJKv9apnqRqRfMEN4AKE+u3E8=
133,156,S4KTiugXdsRHGmPmIqBJfoUKoJU=,JmnJKv9apnqRqRfMEN4AKE+u3E8=
131,156,S4KTiugXdsRHGmPmIqBJfoUKoJU=,JmnJKv9apnqRqRfMEN4AKE+u3E8=
133,157,S4KTiugXdsRHGmPmIqBJfoUKoJU=,JmnJKv9apnqRqRfMEN4AKE+u3E8=
143,147,S4KTiugXdsRHGmPmIqBJfoUKoJU=,JmnJKv9apnqRqRfMEN4AKE+u3E8=
129,156,S4KTiugXdsRHGmPmIqBJfoUKoJU=,JmnJKv9apnqRqRfMEN4AKE+u3E8=
130,156,S4KTiugXdsRHGmPmIqBJfoUKoJU=,JmnJKv9apnqRqRfMEN4AKE+u3E8=
130,144,S4KTiugXdsRHGmPmIqBJfoUKoJU=,JmnJKv9apnqRqRfMEN4AKE+u3E8=
128,145,S4KTiugXdsRHGmPmIqBJfoUKoJU=,JmnJKv9apnqRqRfMEN4AKE+u3E8=
134,156,S4KTiugXdsRHGmPmIqBJfoUKoJU=,JmnJKv9apnqRqRfMEN4AKE+u3E8=
129,145,S4KTiugXdsRHGmPmIqBJfoUKoJU=,JmnJKv9apnqRqRfMEN4AKE+u3E8=
128,148,S4KTiugXdsRHGmPmIqBJfoUKoJU=,JmnJKv9apnqRqRfMEN4AKE+u3E8=
143,144,S4KTiugXdsRHGmPmIqBJfoUKoJU=,JmnJKv9apnqRqRfMEN4AKE+u3E8=
128,147,S4KTiugXdsRHGmPmIqBJfoUKoJU=,JmnJKv9apnqRqRfMEN4AKE+u3E8=
143,145,S4KTiugXdsRHGmPmIqBJfoUKoJU=,JmnJKv9apnqRqRfMEN4AKE+u3E8=
128,156,S4KTiugXdsRHGmPmIqBJfoUKoJU=,JmnJKv9apnqRqRfMEN4AKE+u3E8=
143,146,S4KTiugXdsRHGmPmIqBJfoUKoJU=,JmnJKv9apnqRqRfMEN4AKE+u3E8=
135,146,S4KTiugXdsRHGmPmIqBJfoUKoJU=,JmnJKv9apnqRqRfMEN4AKE+u3E8=
128,146,S4KTiugXdsRHGmPmIqBJfoUKoJU=,JmnJKv9apnqRqRfMEN4AKE+u3E8=
142,144,S4KTiugXdsRHGmPmIqBJfoUKoJU=,JmnJKv9apnqRqRfMEN4AKE+u3E8=
143,155,S4KTiugXdsRHGmPmIqBJfoUKoJU=,JmnJKv9apnqRqRfMEN4AKE+u3E8=
140,155,S4KTiugXdsRHGmPmIqBJfoUKoJU=,JmnJKv9apnqRqRfMEN4AKE+u3E8=
142,155,S4KTiugXdsRHGmPmIqBJfoUKoJU=,JmnJKv9apnqRqRfMEN4AKE+u3E8=
134,144,S4KTiugXdsRHGmPmIqBJfoUKoJU=,JmnJKv9apnqRqRfMEN4AKE+u3E8=
142,145,S4KTiugXdsRHGmPmIqBJfoUKoJU=,JmnJKv9apnqRqRfMEN4AKE+u3E8=
138,155,S4KTiugXdsRHGmPmIqBJfoUKoJU=,JmnJKv9apnqRqRfMEN4AKE+u3E8=
136,155,S4KTiugXdsRHGmPmIqBJfoUKoJU=,JmnJKv9apnqRqRfMEN4AKE+u3E8=
135,155,S4KTiugXdsRHGmPmIqBJfoUKoJU=,JmnJKv9apnqRqRfMEN4AKE+u3E8=
129,148,S4KTiugXdsRHGmPmIqBJfoUKoJU=,JmnJKv9apnqRqRfMEN4AKE+u3E8=
133,155,S4KTiugXdsRHGmPmIqBJfoUKoJU=,JmnJKv9apnqRqRfMEN4AKE+u3E8=
132,155,S4KTiugXdsRHGmPmIqBJfoUKoJU=,JmnJKv9apnqRqRfMEN4AKE+u3E8=
134,155,S4KTiugXdsRHGmPmIqBJfoUKoJU=,JmnJKv9apnqRqRfMEN4AKE+u3E8=
131,155,S4KTiugXdsRHGmPmIqBJfoUKoJU=,JmnJKv9apnqRqRfMEN4AKE+u3E8=
130,148,S4KTiugXdsRHGmPmIqBJfoUKoJU=,JmnJKv9apnqRqRfMEN4AKE+u3E8=
141,155,S4KTiugXdsRHGmPmIqBJfoUKoJU=,JmnJKv9apnqRqRfMEN4AKE+u3E8=
129,155,S4KTiugXdsRHGmPmIqBJfoUKoJU=,JmnJKv9apnqRqRfMEN4AKE+u3E8=
142,146,S4KTiugXdsRHGmPmIqBJfoUKoJU=,JmnJKv9apnqRqRfMEN4AKE+u3E8=
130,155,S4KTiugXdsRHGmPmIqBJfoUKoJU=,JmnJKv9apnqRqRfMEN4AKE+u3E8=
139,155,S4KTiugXdsRHGmPmIqBJfoUKoJU=,JmnJKv9apnqRqRfMEN4AKE+u3E8=
131,148,S4KTiugXdsRHGmPmIqBJfoUKoJU=,JmnJKv9apnqRqRfMEN4AKE+u3E8=
141,145,S4KTiugXdsRHGmPmIqBJfoUKoJU=,JmnJKv9apnqRqRfMEN4AKE+u3E8=
141,144,S4KTiugXdsRHGmPmIqBJfoUKoJU=,JmnJKv9apnqRqRfMEN4AKE+u3E8=
142,154,S4KTiugXdsRHGmPmIqBJfoUKoJU=,JmnJKv9apnqRqRfMEN4AKE+u3E8=
143,154,S4KTiugXdsRHGmPmIqBJfoUKoJU=,JmnJKv9apnqRqRfMEN4AKE+u3E8=
141,154,S4KTiugXdsRHGmPmIqBJfoUKoJU=,JmnJKv9apnqRqRfMEN4AKE+u3E8=
128,155,S4KTiugXdsRHGmPmIqBJfoUKoJU=,JmnJKv9apnqRqRfMEN4AKE+u3E8=
140,154,S4KTiugXdsRHGmPmIqBJfoUKoJU=,JmnJKv9apnqRqRfMEN4AKE+u3E8=
132,148,S4KTiugXdsRHGmPmIqBJfoUKoJU=,JmnJKv9apnqRqRfMEN4AKE+u3E8=
138,154,S4KTiugXdsRHGmPmIqBJfoUKoJU=,JmnJKv9apnqRqRfMEN4AKE+u3E8=
139,154,S4KTiugXdsRHGmPmIqBJfoUKoJU=,JmnJKv9apnqRqRfMEN4AKE+u3E8=
134,154,S4KTiugXdsRHGmPmIqBJfoUKoJU=,JmnJKv9apnqRqRfMEN4AKE+u3E8=
137,154,S4KTiugXdsRHGmPmIqBJfoUKoJU=,JmnJKv9apnqRqRfMEN4AKE+u3E8=
136,154,S4KTiugXdsRHGmPmIqBJfoUKoJU=,JmnJKv9apnqRqRfMEN4AKE+u3E8=
135,154,S4KTiugXdsRHGmPmIqBJfoUKoJU=,JmnJKv9apnqRqRfMEN4AKE+u3E8=
133,154,S4KTiugXdsRHGmPmIqBJfoUKoJU=,JmnJKv9apnqRqRfMEN4AKE+u3E8=
132,154,S4KTiugXdsRHGmPmIqBJfoUKoJU=,JmnJKv9apnqRqRfMEN4AKE+u3E8=
129,154,S4KTiugXdsRHGmPmIqBJfoUKoJU=,JmnJKv9apnqRqRfMEN4AKE+u3E8=
140,144,S4KTiugXdsRHGmPmIqBJfoUKoJU=,JmnJKv9apnqRqRfMEN4AKE+u3E8=
133,148,S4KTiugXdsRHGmPmIqBJfoUKoJU=,JmnJKv9apnqRqRfMEN4AKE+u3E8=
130,154,S4KTiugXdsRHGmPmIqBJfoUKoJU=,JmnJKv9apnqRqRfMEN4AKE+u3E8=
141,146,S4KTiugXdsRHGmPmIqBJfoUKoJU=,JmnJKv9apnqRqRfMEN4AKE+u3E8=
131,154,S4KTiugXdsRHGmPmIqBJfoUKoJU=,JmnJKv9apnqRqRfMEN4AKE+u3E8=
140,145,S4KTiugXdsRHGmPmIqBJfoUKoJU=,JmnJKv9apnqRqRfMEN4AKE+u3E8=
141,153,S4KTiugXdsRHGmPmIqBJfoUKoJU=,JmnJKv9apnqRqRfMEN4AKE+u3E8=
128,144,S4KTiugXdsRHGmPmIqBJfoUKoJU=,JmnJKv9apnqRqRfMEN4AKE+u3E8=
142,153,S4KTiugXdsRHGmPmIqBJfoUKoJU=,JmnJKv9apnqRqRfMEN4AKE+u3E8=
128,154,S4KTiugXdsRHGmPmIqBJfoUKoJU=,JmnJKv9apnqRqRfMEN4AKE+u3E8=
143,153,S4KTiugXdsRHGmPmIqBJfoUKoJU=,JmnJKv9apnqRqRfMEN4AKE+u3E8=
139,153,S4KTiugXdsRHGmPmIqBJfoUKoJU=,JmnJKv9apnqRqRfMEN4AKE+u3E8=
138,153,S4KTiugXdsRHGmPmIqBJfoUKoJU=,JmnJKv9apnqRqRfMEN4AKE+u3E8=
134,148,S4KTiugXdsRHGmPmIqBJfoUKoJU=,JmnJKv9apnqRqRfMEN4AKE+u3E8=
135,153,S4KTiugXdsRHGmPmIqBJfoUKoJU=,JmnJKv9apnqRqRfMEN4AKE+u3E8=
136,153,S4KTiugXdsRHGmPmIqBJfoUKoJU=,JmnJKv9apnqRqRfMEN4AKE+u3E8=
140,153,S4KTiugXdsRHGmPmIqBJfoUKoJU=,JmnJKv9apnqRqRfMEN4AKE+u3E8=
133,153,S4KTiugXdsRHGmPmIqBJfoUKoJU=,JmnJKv9apnqRqRfMEN4AKE+u3E8=
132,153,S4KTiugXdsRHGmPmIqBJfoUKoJU=,JmnJKv9apnqRqRfMEN4AKE+u3E8=
134,153,S4KTiugXdsRHGmPmIqBJfoUKoJU=,JmnJKv9apnqRqRfMEN4AKE+u3E8=
130,153,S4KTiugXdsRHGmPmIqBJfoUKoJU=,JmnJKv9apnqRqRfMEN4AKE+u3E8=
131,153,S4KTiugXdsRHGmPmIqBJfoUKoJU=,JmnJKv9apnqRqRfMEN4AKE+u3E8=
135,148,S4KTiugXdsRHGmPmIqBJfoUKoJU=,JmnJKv9apnqRqRfMEN4AKE+u3E8=
137,153,S4KTiugXdsRHGmPmIqBJfoUKoJU=,JmnJKv9apnqRqRfMEN4AKE+u3E8=
140,146,S4KTiugXdsRHGmPmIqBJfoUKoJU=,JmnJKv9apnqRqRfMEN4AKE+u3E8=
143,152,S4KTiugXdsRHGmPmIqBJfoUKoJU=,JmnJKv9apnqRqRfMEN4AKE+u3E8=
139,144,S4KTiugXdsRHGmPmIqBJfoUKoJU=,JmnJKv9apnqRqRfMEN4AKE+u3E8=
129,153,S4KTiugXdsRHGmPmIqBJfoUKoJU=,JmnJKv9apnqRqRfMEN4AKE+u3E8=
128,153,S4KTiugXdsRHGmPmIqBJfoUKoJU=,JmnJKv9apnqRqRfMEN4AKE+u3E8=
136,148,S4KTiugXdsRHGmPmIqBJfoUKoJU=,JmnJKv9apnqRqRfMEN4AKE+u3E8=
133,159,S4KTiugXdsRHGmPmIqBJfoUKoJU=,JmnJKv9apnqRqRfMEN4AKE+u3E8=
141,152,S4KTiugXdsRHGmPmIqBJfoUKoJU=,JmnJKv9apnqRqRfMEN4AKE+u3E8=
142,152,S4KTiugXdsRHGmPmIqBJfoUKoJU=,JmnJKv9apnqRqRfMEN4AKE+u3E8=
139,145,S4KTiugXdsRHGmPmIqBJfoUKoJU=,JmnJKv9apnqRqRfMEN4AKE+u3E8=
137,152,S4KTiugXdsRHGmPmIqBJfoUKoJU=,JmnJKv9apnqRqRfMEN4AKE+u3E8=
138,152,S4KTiugXdsRHGmPmIqBJfoUKoJU=,JmnJKv9apnqRqRfMEN4AKE+u3E8=
140,152,S4KTiugXdsRHGmPmIqBJfoUKoJU=,JmnJKv9apnqRqRfMEN4AKE+u3E8=
137,148,S4KTiugXdsRHGmPmIqBJfoUKoJU=,JmnJKv9apnqRqRfMEN4AKE+u3E8=
139,152,S4KTiugXdsRHGmPmIqBJfoUKoJU=,JmnJKv9apnqRqRfMEN4AKE+u3E8=
134,152,S4KTiugXdsRHGmPmIqBJfoUKoJU=,JmnJKv9apnqRqRfMEN4AKE+u3E8=
136,152,S4KTiugXdsRHGmPmIqBJfoUKoJU=,JmnJKv9apnqRqRfMEN4AKE+u3E8=
135,152,S4KTiugXdsRHGmPmIqBJfoUKoJU=,JmnJKv9apnqRqRfMEN4AKE+u3E8=
132,152,S4KTiugXdsRHGmPmIqBJfoUKoJU=,JmnJKv9apnqRqRfMEN4AKE+u3E8=
133,152,S4KTiugXdsRHGmPmIqBJfoUKoJU=,JmnJKv9apnqRqRfMEN4AKE+u3E8=
130,152,S4KTiugXdsRHGmPmIqBJfoUKoJU=,JmnJKv9apnqRqRfMEN4AKE+u3E8=
131,152,S4KTiugXdsRHGmPmIqBJfoUKoJU=,JmnJKv9apnqRqRfMEN4AKE+u3E8=
139,146,S4KTiugXdsRHGmPmIqBJfoUKoJU=,JmnJKv9apnqRqRfMEN4AKE+u3E8=
129,152,S4KTiugXdsRHGmPmIqBJfoUKoJU=,JmnJKv9apnqRqRfMEN4AKE+u3E8=
138,148,S4KTiugXdsRHGmPmIqBJfoUKoJU=,JmnJKv9apnqRqRfMEN4AKE+u3E8=
138,144,S4KTiugXdsRHGmPmIqBJfoUKoJU=,JmnJKv9apnqRqRfMEN4AKE+u3E8=
138,145,S4KTiugXdsRHGmPmIqBJfoUKoJU=,JmnJKv9apnqRqRfMEN4AKE+u3E8=
140,151,S4KTiugXdsRHGmPmIqBJfoUKoJU=,JmnJKv9apnqRqRfMEN4AKE+u3E8=
128,152,S4KTiugXdsRHGmPmIqBJfoUKoJU=,JmnJKv9apnqRqRfMEN4AKE+u3E8=
143,151,S4KTiugXdsRHGmPmIqBJfoUKoJU=,JmnJKv9apnqRqRfMEN4AKE+u3E8=
142,151,S4KTiugXdsRHGmPmIqBJfoUKoJU=,JmnJKv9apnqRqRfMEN4AKE+u3E8=
139,151,S4KTiugXdsRHGmPmIqBJfoUKoJU=,JmnJKv9apnqRqRfMEN4AKE+u3E8=
141,151,S4KTiugXdsRHGmPmIqBJfoUKoJU=,JmnJKv9apnqRqRfMEN4AKE+u3E8=
139,148,S4KTiugXdsRHGmPmIqBJfoUKoJU=,JmnJKv9apnqRqRfMEN4AKE+u3E8=
129,147,S4KTiugXdsRHGmPmIqBJfoUKoJU=,JmnJKv9apnqRqRfMEN4AKE+u3E8=
136,151,S4KTiugXdsRHGmPmIqBJfoUKoJU=,JmnJKv9apnqRqRfMEN4AKE+u3E8=
137,151,S4KTiugXdsRHGmPmIqBJfoUKoJU=,JmnJKv9apnqRqRfMEN4AKE+u3E8=
138,151,S4KTiugXdsRHGmPmIqBJfoUKoJU=,JmnJKv9apnqRqRfMEN4AKE+u3E8=
132,151,S4KTiugXdsRHGmPmIqBJfoUKoJU=,JmnJKv9apnqRqRfMEN4AKE+u3E8=
134,151,S4KTiugXdsRHGmPmIqBJfoUKoJU=,JmnJKv9apnqRqRfMEN4AKE+u3E8=
140,148,S4KTiugXdsRHGmPmIqBJfoUKoJU=,JmnJKv9apnqRqRfMEN4AKE+u3E8=
131,151,S4KTiugXdsRHGmPmIqBJfoUKoJU=,JmnJKv9apnqRqRfMEN4AKE+u3E8=
133,151,S4KTiugXdsRHGmPmIqBJfoUKoJU=,JmnJKv9apnqRqRfMEN4AKE+u3E8=
130,151,S4KTiugXdsRHGmPmIqBJfoUKoJU=,JmnJKv9apnqRqRfMEN4AKE+u3E8=
128,151,S4KTiugXdsRHGmPmIqBJfoUKoJU=,JmnJKv9apnqRqRfMEN4AKE+u3E8=
138,146,S4KTiugXdsRHGmPmIqBJfoUKoJU=,JmnJKv9apnqRqRfMEN4AKE+u3E8=
129,151,S4KTiugXdsRHGmPmIqBJfoUKoJU=,JmnJKv9apnqRqRfMEN4AKE+u3E8=
137,144,S4KTiugXdsRHGmPmIqBJfoUKoJU=,JmnJKv9apnqRqRfMEN4AKE+u3E8=
137,145,S4KTiugXdsRHGmPmIqBJfoUKoJU=,JmnJKv9apnqRqRfMEN4AKE+u3E8=
141,148,S4KTiugXdsRHGmPmIqBJfoUKoJU=,JmnJKv9apnqRqRfMEN4AKE+u3E8=
141,150,S4KTiugXdsRHGmPmIqBJfoUKoJU=,JmnJKv9apnqRqRfMEN4AKE+u3E8=
140,150,S4KTiugXdsRHGmPmIqBJfoUKoJU=,JmnJKv9apnqRqRfMEN4AKE+u3E8=
139,150,S4KTiugXdsRHGmPmIqBJfoUKoJU=,JmnJKv9apnqRqRfMEN4AKE+u3E8=
142,150,S4KTiugXdsRHGmPmIqBJfoUKoJU=,JmnJKv9apnqRqRfMEN4AKE+u3E8=
138,150,S4KTiugXdsRHGmPmIqBJfoUKoJU=,JmnJKv9apnqRqRfMEN4AKE+u3E8=
137,150,S4KTiugXdsRHGmPmIqBJfoUKoJU=,JmnJKv9apnqRqRfMEN4AKE+u3E8=
143,150,S4KTiugXdsRHGmPmIqBJfoUKoJU=,JmnJKv9apnqRqRfMEN4AKE+u3E8=
135,150,S4KTiugXdsRHGmPmIqBJfoUKoJU=,JmnJKv9apnqRqRfMEN4AKE+u3E8=
142,148,S4KTiugXdsRHGmPmIqBJfoUKoJU=,JmnJKv9apnqRqRfMEN4AKE+u3E8=
136,150,S4KTiugXdsRHGmPmIqBJfoUKoJU=,JmnJKv9apnqRqRfMEN4AKE+u3E8=
137,156,S4KTiugXdsRHGmPmIqBJfoUKoJU=,JmnJKv9apnqRqRfMEN4AKE+u3E8=
131,150,S4KTiugXdsRHGmPmIqBJfoUKoJU=,JmnJKv9apnqRqRfMEN4AKE+u3E8=
134,150,S4KTiugXdsRHGmPmIqBJfoUKoJU=,JmnJKv9apnqRqRfMEN4AKE+u3E8=
133,150,S4KTiugXdsRHGmPmIqBJfoUKoJU=,JmnJKv9apnqRqRfMEN4AKE+u3E8=
130,150,S4KTiugXdsRHGmPmIqBJfoUKoJU=,JmnJKv9apnqRqRfMEN4AKE+u3E8=
129,150,S4KTiugXdsRHGmPmIqBJfoUKoJU=,JmnJKv9apnqRqRfMEN4AKE+u3E8=
132,150,S4KTiugXdsRHGmPmIqBJfoUKoJU=,JmnJKv9apnqRqRfMEN4AKE+u3E8=
135,145,S4KTiugXdsRHGmPmIqBJfoUKoJU=,JmnJKv9apnqRqRfMEN4AKE+u3E8=
136,144,S4KTiugXdsRHGmPmIqBJfoUKoJU=,JmnJKv9apnqRqRfMEN4AKE+u3E8=
128,150,S4KTiugXdsRHGmPmIqBJfoUKoJU=,JmnJKv9apnqRqRfMEN4AKE+u3E8=
143,149,S4KTiugXdsRHGmPmIqBJfoUKoJU=,JmnJKv9apnqRqRfMEN4AKE+u3E8=
136,156,S4KTiugXdsRHGmPmIqBJfoUKoJU=,JmnJKv9apnqRqRfMEN4AKE+u3E8=
137,146,S4KTiugXdsRHGmPmIqBJfoUKoJU=,JmnJKv9apnqRqRfMEN4AKE+u3E8=
140,149,S4KTiugXdsRHGmPmIqBJfoUKoJU=,JmnJKv9apnqRqRfMEN4AKE+u3E8=
142,149,S4KTiugXdsRHGmPmIqBJfoUKoJU=,JmnJKv9apnqRqRfMEN4AKE+u3E8=
137,149,S4KTiugXdsRHGmPmIqBJfoUKoJU=,JmnJKv9apnqRqRfMEN4AKE+u3E8=
138,149,S4KTiugXdsRHGmPmIqBJfoUKoJU=,JmnJKv9apnqRqRfMEN4AKE+u3E8=
141,149,S4KTiugXdsRHGmPmIqBJfoUKoJU=,JmnJKv9apnqRqRfMEN4AKE+u3E8=
136,145,S4KTiugXdsRHGmPmIqBJfoUKoJU=,JmnJKv9apnqRqRfMEN4AKE+u3E8=
143,148,S4KTiugXdsRHGmPmIqBJfoUKoJU=,JmnJKv9apnqRqRfMEN4AKE+u3E8=
139,149,S4KTiugXdsRHGmPmIqBJfoUKoJU=,JmnJKv9apnqRqRfMEN4AKE+u3E8=
135,149,S4KTiugXdsRHGmPmIqBJfoUKoJU=,JmnJKv9apnqRqRfMEN4AKE+u3E8=
136,149,S4KTiugXdsRHGmPmIqBJfoUKoJU=,JmnJKv9apnqRqRfMEN4AKE+u3E8=
133,149,S4KTiugXdsRHGmPmIqBJfoUKoJU=,JmnJKv9apnqRqRfMEN4AKE+u3E8=
132,149,S4KTiugXdsRHGmPmIqBJfoUKoJU=,JmnJKv9apnqRqRfMEN4AKE+u3E8=
134,149,S4KTiugXdsRHGmPmIqBJfoUKoJU=,JmnJKv9apnqRqRfMEN4AKE+u3E8=
136,146,S4KTiugXdsRHGmPmIqBJfoUKoJU=,JmnJKv9apnqRqRfMEN4AKE+u3E8=
129,149,S4KTiugXdsRHGmPmIqBJfoUKoJU=,JmnJKv9apnqRqRfMEN4AKE+u3E8=
131,149,S4KTiugXdsRHGmPmIqBJfoUKoJU=,JmnJKv9apnqRqRfMEN4AKE+u3E8=
128,149,S4KTiugXdsRHGmPmIqBJfoUKoJU=,JmnJKv9apnqRqRfMEN4AKE+u3E8=
130,149,S4KTiugXdsRHGmPmIqBJfoUKoJU=,JmnJKv9apnqRqRfMEN4AKE+u3E8=
135,144,S4KTiugXdsRHGmPmIqBJfoUKoJU=,JmnJKv9apnqRqRfMEN4AKE+u3E8=
141,156,S4KTiugXdsRHGmPmIqBJfoUKoJU=,JmnJKv9apnqRqRfMEN4AKE+u3E8=
137,155,S4KTiugXdsRHGmPmIqBJfoUKoJU=,JmnJKv9apnqRqRfMEN4AKE+u3E8=
136,157,S4KTiugXdsRHGmPmIqBJfoUKoJU=,JmnJKv9apnqRqRfMEN4AKE+u3E8=
135,151,S4KTiugXdsRHGmPmIqBJfoUKoJU=,JmnJKv9apnqRqRfMEN4AKE+u3E8=
149,144,ho5rM8vbBWFIcv1kgBGNXu1B/A8=,3k/eYx1Gett3bEUPr99oO6dfCm8=
150,146,ho5rM8vbBWFIcv1kgBGNXu1B/A8=,3k/eYx1Gett3bEUPr99oO6dfCm8=
149,147,ho5rM8vbBWFIcv1kgBGNXu1B/A8=,3k/eYx1Gett3bEUPr99oO6dfCm8=
149,146,ho5rM8vbBWFIcv1kgBGNXu1B/A8=,3k/eYx1Gett3bEUPr99oO6dfCm8=
151,147,ho5rM8vbBWFIcv1kgBGNXu1B/A8=,3k/eYx1Gett3bEUPr99oO6dfCm8=
152,147,ho5rM8vbBWFIcv1kgBGNXu1B/A8=,3k/eYx1Gett3bEUPr99oO6dfCm8=
147,144,ho5rM8vbBWFIcv1kgBGNXu1B/A8=,3k/eYx1Gett3bEUPr99oO6dfCm8=
148,147,ho5rM8vbBWFIcv1kgBGNXu1B/A8=,3k/eYx1Gett3bEUPr99oO6dfCm8=
154,147,ho5rM8vbBWFIcv1kgBGNXu1B/A8=,3k/eYx1Gett3bEUPr99oO6dfCm8=
147,147,ho5rM8vbBWFIcv1kgBGNXu1B/A8=,3k/eYx1Gett3bEUPr99oO6dfCm8=
155,147,ho5rM8vbBWFIcv1kgBGNXu1B/A8=,3k/eYx1Gett3bEUPr99oO6dfCm8=
153,147,ho5rM8vbBWFIcv1kgBGNXu1B/A8=,3k/eYx1Gett3bEUPr99oO6dfCm8=
156,147,ho5rM8vbBWFIcv1kgBGNXu1B/A8=,3k/eYx1Gett3bEUPr99oO6dfCm8=
149,145,ho5rM8vbBWFIcv1kgBGNXu1B/A8=,3k/eYx1Gett3bEUPr99oO6dfCm8=
148,145,ho5rM8vbBWFIcv1kgBGNXu1B/A8=,3k/eYx1Gett3bEUPr99oO6dfCm8=
157,147,ho5rM8vbBWFIcv1kgBGNXu1B/A8=,3k/eYx1Gett3bEUPr99oO6dfCm8=
145,144,ho5rM8vbBWFIcv1kgBGNXu1B/A8=,3k/eYx1Gett3bEUPr99oO6dfCm8=
146,147,ho5rM8vbBWFIcv1kgBGNXu1B/A8=,3k/eYx1Gett3bEUPr99oO6dfCm8=
150,145,ho5rM8vbBWFIcv1kgBGNXu1B/A8=,3k/eYx1Gett3bEUPr99oO6dfCm8=
158,147,ho5rM8vbBWFIcv1kgBGNXu1B/A8=,3k/eYx1Gett3bEUPr99oO6dfCm8=
148,146,ho5rM8vbBWFIcv1kgBGNXu1B/A8=,3k/eYx1Gett3bEUPr99oO6dfCm8=
159,147,ho5rM8vbBWFIcv1kgBGNXu1B/A8=,3k/eYx1Gett3bEUPr99oO6dfCm8=
150,147,ho5rM8vbBWFIcv1kgBGNXu1B/A8=,3k/eYx1Gett3bEUPr99oO6dfCm8=
159,159,ho5rM8vbBWFIcv1kgBGNXu1B/A8=,3k/eYx1Gett3bEUPr99oO6dfCm8=
151,146,ho5rM8vbBWFIcv1kgBGNXu1B/A8=,3k/eYx1Gett3bEUPr99oO6dfCm8=
158,159,ho5rM8vbBWFIcv1kgBGNXu1B/A8=,3k/eYx1Gett3bEUPr99oO6dfCm8=
150,144,ho5rM8vbBWFIcv1kgBGNXu1B/A8=,3k/eYx1Gett3bEUPr99oO6dfCm8=
157,159,ho5rM8vbBWFIcv1kgBGNXu1B/A8=,3k/eYx1Gett3bEUPr99oO6dfCm8=
144,148,ho5rM8vbBWFIcv1kgBGNXu1B/A8=,3k/eYx1Gett3bEUPr99oO6dfCm8=
156,159,ho5rM8vbBWFIcv1kgBGNXu1B/A8=,3k/eYx1Gett3bEUPr99oO6dfCm8=
145,148,ho5rM8vbBWFIcv1kgBGNXu1B/A8=,3k/eYx1Gett3bEUPr99oO6dfCm8=
155,159,ho5rM8vbBWFIcv1kgBGNXu1B/A8=,3k/eYx1Gett3bEUPr99oO6dfCm8=
146,148,ho5rM8vbBWFIcv1kgBGNXu1B/A8=,3k/eYx1Gett3bEUPr99oO6dfCm8=
154,159,ho5rM8vbBWFIcv1kgBGNXu1B/A8=,3k/eYx1Gett3bEUPr99oO6dfCm8=
147,148,ho5rM8vbBWFIcv1kgBGNXu1B/A8=,3k/eYx1Gett3bEUPr99oO6dfCm8=
153,159,ho5rM8vbBWFIcv1kgBGNXu1B/A8=,3k/eYx1Gett3bEUPr99oO6dfCm8=
148,148,ho5rM8vbBWFIcv1kgBGNXu1B/A8=,3k/eYx1Gett3bEUPr99oO6dfCm8=
152,159,ho5rM8vbBWFIcv1kgBGNXu1B/A8=,3k/eYx1Gett3bEUPr99oO6dfCm8=
149,148,ho5rM8vbBWFIcv1kgBGNXu1B/A8=,3k/eYx1Gett3bEUPr99oO6dfCm8=
151,159,ho5rM8vbBWFIcv1kgBGNXu1B/A8=,3k/eYx1Gett3bEUPr99oO6dfCm8=
144,144,ho5rM8vbBWFIcv1kgBGNXu1B/A8=,3k/eYx1Gett3bEUPr99oO6dfCm8=
150,159,ho5rM8vbBWFIcv1kgBGNXu1B/A8=,3k/eYx1Gett3bEUPr99oO6dfCm8=
150,148,ho5rM8vbBWFIcv1kgBGNXu1B/A8=,3k/eYx1Gett3bEUPr99oO6dfCm8=
149,159,ho5rM8vbBWFIcv1kgBGNXu1B/A8=,3k/eYx1Gett3bEUPr99oO6dfCm8=
151,148,ho5rM8vbBWFIcv1kgBGNXu1B/A8=,3k/eYx1Gett3bEUPr99oO6dfCm8=
148,159,ho5rM8vbBWFIcv1kgBGNXu1B/A8=,3k/eYx1Gett3bEUPr99oO6dfCm8=
152,148,ho5rM8vbBWFIcv1kgBGNXu1B/A8=,3k/eYx1Gett3bEUPr99oO6dfCm8=
153,148,ho5rM8vbBWFIcv1kgBGNXu1B/A8=,3k/eYx1Gett3bEUPr99oO6dfCm8=
146,159,ho5rM8vbBWFIcv1kgBGNXu1B/A8=,3k/eYx1Gett3bEUPr99oO6dfCm8=
154,148,ho5rM8vbBWFIcv1kgBGNXu1B/A8=,3k/eYx1Gett3bEUPr99oO6dfCm8=
145,147,ho5rM8vbBWFIcv1kgBGNXu1B/A8=,3k/eYx1Gett3bEUPr99oO6dfCm8=
147,159,ho5rM8vbBWFIcv1kgBGNXu1B/A8=,3k/eYx1Gett3bEUPr99oO6dfCm8=
155,148,ho5rM8vbBWFIcv1kgBGNXu1B/A8=,3k/eYx1Gett3bEUPr99oO6dfCm8=
148,144,ho5rM8vbBWFIcv1kgBGNXu1B/A8=,3k/eYx1Gett3bEUPr99oO6dfCm8=
145,159,ho5rM8vbBWFIcv1kgBGNXu1B/A8=,3k/eYx1Gett3bEUPr99oO6dfCm8=
156,148,ho5rM8vbBWFIcv1kgBGNXu1B/A8=,3k/eYx1Gett3bEUPr99oO6dfCm8=
144,159,ho5rM8vbBWFIcv1kgBGNXu1B/A8=,3k/eYx1Gett3bEUPr99oO6dfCm8=
157,148,ho5rM8vbBWFIcv1kgBGNXu1B/A8=,3k/eYx1Gett3bEUPr99oO6dfCm8=
159,158,ho5rM8vbBWFIcv1kgBGNXu1B/A8=,3k/eYx1Gett3bEUPr99oO6dfCm8=
158,158,ho5rM8vbBWFIcv1kgBGNXu1B/A8=,3k/eYx1Gett3bEUPr99oO6dfCm8=
158,148,ho5rM8vbBWFIcv1kgBGNXu1B/A8=,3k/eYx1Gett3bEUPr99oO6dfCm8=
157,158,ho5rM8vbBWFIcv1kgBGNXu1B/A8=,3k/eYx1Gett3bEUPr99oO6dfCm8=
151,145,ho5rM8vbBWFIcv1kgBGNXu1B/A8=,3k/eYx1Gett3bEUPr99oO6dfCm8=
156,158,ho5rM8vbBWFIcv1kgBGNXu1B/A8=,3k/eYx1Gett3bEUPr99oO6dfCm8=
147,146,ho5rM8vbBWFIcv1kgBGNXu1B/A8=,3k/eYx1Gett3bEUPr99oO6dfCm8=
159,148,ho5rM8vbBWFIcv1kgBGNXu1B/A8=,3k/eYx1Gett3bEUPr99oO6dfCm8=
152,158,ho5rM8vbBWFIcv1kgBGNXu1B/A8=,3k/eYx1Gett3bEUPr99oO6dfCm8=
154,158,ho5rM8vbBWFIcv1kgBGNXu1B/A8=,3k/eYx1Gett3bEUPr99oO6dfCm8=
155,158,ho5rM8vbBWFIcv1kgBGNXu1B/A8=,3k/eYx1Gett3bEUPr99oO6dfCm8=
151,158,ho5rM8vbBWFIcv1kgBGNXu1B/A8=,3k/eYx1Gett3bEUPr99oO6dfCm8=
150,158,ho5rM8vbBWFIcv1kgBGNXu1B/A8=,3k/eYx1Gett3bEUPr99oO6dfCm8=
151,144,ho5rM8vbBWFIcv1kgBGNXu1B/A8=,3k/eYx1Gett3bEUPr99oO6dfCm8=
153,158,ho5rM8vbBWFIcv1kgBGNXu1B/A8=,3k/eYx1Gett3bEUPr99oO6dfCm8=
149,158,ho5rM8vbBWFIcv1kgBGNXu1B/A8=,3k/eYx1Gett3bEUPr99oO6dfCm8=
148,158,ho5rM8vbBWFIcv1kgBGNXu1B/A8=,3k/eYx1Gett3bEUPr99oO6dfCm8=
146,158,ho5rM8vbBWFIcv1kgBGNXu1B/A8=,3k/eYx1Gett3bEUPr99oO6dfCm8=
145,158,ho5rM8vbBWFIcv1kgBGNXu1B/A8=,3k/eYx1Gett3bEUPr99oO6dfCm8=
144,149,ho5rM8vbBWFIcv1kgBGNXu1B/A8=,3k/eYx1Gett3bEUPr99oO6dfCm8=
159,157,ho5rM8vbBWFIcv1kgBGNXu1B/A8=,3k/eYx1Gett3bEUPr99oO6dfCm8=
152,146,ho5rM8vbBWFIcv1kgBGNXu1B/A8=,3k/eYx1Gett3bEUPr99oO6dfCm8=
147,145,ho5rM8vbBWFIcv1kgBGNXu1B/A8=,3k/eYx1Gett3bEUPr99oO6dfCm8=
145,149,ho5rM8vbBWFIcv1kgBGNXu1B/A8=,3k/eYx1Gett3bEUPr99oO6dfCm8=
158,157,ho5rM8vbBWFIcv1kgBGNXu1B/A8=,3k/eYx1Gett3bEUPr99oO6dfCm8=
144,158,ho5rM8vbBWFIcv1kgBGNXu1B/A8=,3k/eYx1Gett3bEUPr99oO6dfCm8=
146,146,ho5rM8vbBWFIcv1kgBGNXu1B/A8=,3k/eYx1Gett3bEUPr99oO6dfCm8=
157,157,ho5rM8vbBWFIcv1kgBGNXu1B/A8=,3k/eYx1Gett3bEUPr99oO6dfCm8=
146,149,ho5rM8vbBWFIcv1kgBGNXu1B/A8=,3k/eYx1Gett3bEUPr99oO6dfCm8=
147,158,ho5rM8vbBWFIcv1kgBGNXu1B/A8=,3k/eYx1Gett3bEUPr99oO6dfCm8=
153,157,ho5rM8vbBWFIcv1kgBGNXu1B/A8=,3k/eYx1Gett3bEUPr99oO6dfCm8=
154,157,ho5rM8vbBWFIcv1kgBGNXu1B/A8=,3k/eYx1Gett3bEUPr99oO6dfCm8=
147,149,ho5rM8vbBWFIcv1kgBGNXu1B/A8=,3k/eYx1Gett3bEUPr99oO6dfCm8=
156,157,ho5rM8vbBWFIcv1kgBGNXu1B/A8=,3k/eYx1Gett3bEUPr99oO6dfCm8=
155,157,ho5rM8vbBWFIcv1kgBGNXu1B/A8=,3k/eYx1Gett3bEUPr99oO6dfCm8=
152,157,ho5rM8vbBWFIcv1kgBGNXu1B/A8=,3k/eYx1Gett3bEUPr99oO6dfCm8=
150,157,ho5rM8vbBWFIcv1kgBGNXu1B/A8=,3k/eYx1Gett3bEUPr99oO6dfCm8=
148,157,ho5rM8vbBWFIcv1kgBGNXu1B/A8=,3k/eYx1Gett3bEUPr99oO6dfCm8=
151,157,ho5rM8vbBWFIcv1kgBGNXu1B/A8=,3k/eYx1Gett3bEUPr99oO6dfCm8=
146,157,ho5rM8vbBWFIcv1kgBGNXu1B/A8=,3k/eYx1Gett3bEUPr99oO6dfCm8=
144,157,ho5rM8vbBWFIcv1kgBGNXu1B/A8=,3k/eYx1Gett3bEUPr99oO6dfCm8=
146,145,ho5rM8vbBWFIcv1kgBGNXu1B/A8=,3k/eYx1Gett3bEUPr99oO6dfCm8=
145,157,ho5rM8vbBWFIcv1kgBGNXu1B/A8=,3k/eYx1Gett3bEUPr99oO6dfCm8=
145,146,ho5rM8vbBWFIcv1kgBGNXu1B/A8=,3k/eYx1Gett3bEUPr99oO6dfCm8=
159,156,ho5rM8vbBWFIcv1kgBGNXu1B/A8=,3k/eYx1Gett3bEUPr99oO6dfCm8=
158,156,ho5rM8vbBWFIcv1kgBGNXu1B/A8=,3k/eYx1Gett3bEUPr99oO6dfCm8=
149,157,ho5rM8vbBWFIcv1kgBGNXu1B/A8=,3k/eYx1Gett3bEUPr99oO6dfCm8=
148,149,ho5rM8vbBWFIcv1kgBGNXu1B/A8=,3k/eYx1Gett3bEUPr99oO6dfCm8=
153,156,ho5rM8vbBWFIcv1kgBGNXu1B/A8=,3k/eYx1Gett3bEUPr99oO6dfCm8=
152,156,ho5rM8vbBWFIcv1kgBGNXu1B/A8=,3k/eYx1Gett3bEUPr99oO6dfCm8=
156,156,ho5rM8vbBWFIcv1kgBGNXu1B/A8=,3k/eYx1Gett3bEUPr99oO6dfCm8=
157,156,ho5rM8vbBWFIcv1kgBGNXu1B/A8=,3k/eYx1Gett3bEUPr99oO6dfCm8=
148,156,ho5rM8vbBWFIcv1kgBGNXu1B/A8=,3k/eYx1Gett3bEUPr99oO6dfCm8=
149,149,ho5rM8vbBWFIcv1kgBGNXu1B/A8=,3k/eYx1Gett3bEUPr99oO6dfCm8=
150,156,ho5rM8vbBWFIcv1kgBGNXu1B/A8=,3k/eYx1Gett3bEUPr99oO6dfCm8=
147,156,ho5rM8vbBWFIcv1kgBGNXu1B/A8=,3k/eYx1Gett3bEUPr99oO6dfCm8=
154,156,ho5rM8vbBWFIcv1kgBGNXu1B/A8=,3k/eYx1Gett3bEUPr99oO6dfCm8=
151,156,ho5rM8vbBWFIcv1kgBGNXu1B/A8=,3k/eYx1Gett3bEUPr99oO6dfCm8=
149,156,ho5rM8vbBWFIcv1kgBGNXu1B/A8=,3k/eYx1Gett3bEUPr99oO6dfCm8=
150,149,ho5rM8vbBWFIcv1kgBGNXu1B/A8=,3k/eYx1Gett3bEUPr99oO6dfCm8=
145,145,ho5rM8vbBWFIcv1kgBGNXu1B/A8=,3k/eYx1Gett3bEUPr99oO6dfCm8=
155,156,ho5rM8vbBWFIcv1kgBGNXu1B/A8=,3k/eYx1Gett3bEUPr99oO6dfCm8=
145,156,ho5rM8vbBWFIcv1kgBGNXu1B/A8=,3k/eYx1Gett3bEUPr99oO6dfCm8=
159,144,ho5rM8vbBWFIcv1kgBGNXu1B/A8=,3k/eYx1Gett3bEUPr99oO6dfCm8=
144,156,ho5rM8vbBWFIcv1kgBGNXu1B/A8=,3k/eYx1Gett3bEUPr99oO6dfCm8=
144,145,ho5rM8vbBWFIcv1kgBGNXu1B/A8=,3k/eYx1Gett3bEUPr99oO6dfCm8=
159,146,ho5rM8vbBWFIcv1kgBGNXu1B/A8=,3k/eYx1Gett3bEUPr99oO6dfCm8=
146,144,ho5rM8vbBWFIcv1kgBGNXu1B/A8=,3k/eYx1Gett3bEUPr99oO6dfCm8=
146,156,ho5rM8vbBWFIcv1kgBGNXu1B/A8=,3k/eYx1Gett3bEUPr99oO6dfCm8=
151,149,ho5rM8vbBWFIcv1kgBGNXu1B/A8=,3k/eYx1Gett3bEUPr99oO6dfCm8=
159,145,ho5rM8vbBWFIcv1kgBGNXu1B/A8=,3k/eYx1Gett3bEUPr99oO6dfCm8=
144,146,ho5rM8vbBWFIcv1kgBGNXu1B/A8=,3k/eYx1Gett3bEUPr99oO6dfCm8=
157,155,ho5rM8vbBWFIcv1kgBGNXu1B/A8=,3k/eYx1Gett3bEUPr99oO6dfCm8=
158,144,ho5rM8vbBWFIcv1kgBGNXu1B/A8=,3k/eYx1Gett3bEUPr99oO6dfCm8=
144,147,ho5rM8vbBWFIcv1kgBGNXu1B/A8=,3k/eYx1Gett3bEUPr99oO6dfCm8=
156,155,ho5rM8vbBWFIcv1kgBGNXu1B/A8=,3k/eYx1Gett3bEUPr99oO6dfCm8=
152,149,ho5rM8vbBWFIcv1kgBGNXu1B/A8=,3k/eYx1Gett3bEUPr99oO6dfCm8=
155,155,ho5rM8vbBWFIcv1kgBGNXu1B/A8=,3k/eYx1Gett3bEUPr99oO6dfCm8=
158,155,ho5rM8vbBWFIcv1kgBGNXu1B/A8=,3k/eYx1Gett3bEUPr99oO6dfCm8=
158,145,ho5rM8vbBWFIcv1kgBGNXu1B/A8=,3k/eYx1Gett3bEUPr99oO6dfCm8=
152,155,ho5rM8vbBWFIcv1kgBGNXu1B/A8=,3k/eYx1Gett3bEUPr99oO6dfCm8=
153,155,ho5rM8vbBWFIcv1kgBGNXu1B/A8=,3k/eYx1Gett3bEUPr99oO6dfCm8=
153,149,ho5rM8vbBWFIcv1kgBGNXu1B/A8=,3k/eYx1Gett3bEUPr99oO6dfCm8=
148,155,ho5rM8vbBWFIcv1kgBGNXu1B/A8=,3k/eYx1Gett3bEUPr99oO6dfCm8=
154,155,ho5rM8vbBWFIcv1kgBGNXu1B/A8=,3k/eYx1Gett3bEUPr99oO6dfCm8=
151,155,ho5rM8vbBWFIcv1kgBGNXu1B/A8=,3k/eYx1Gett3bEUPr99oO6dfCm8=
150,155,ho5rM8vbBWFIcv1kgBGNXu1B/A8=,3k/eYx1Gett3bEUPr99oO6dfCm8=
159,155,ho5rM8vbBWFIcv1kgBGNXu1B/A8=,3k/eYx1Gett3bEUPr99oO6dfCm8=
149,155,ho5rM8vbBWFIcv1kgBGNXu1B/A8=,3k/eYx1Gett3bEUPr99oO6dfCm8=
157,144,ho5rM8vbBWFIcv1kgBGNXu1B/A8=,3k/eYx1Gett3bEUPr99oO6dfCm8=
154,149,ho5rM8vbBWFIcv1kgBGNXu1B/A8=,3k/eYx1Gett3bEUPr99oO6dfCm8=
147,155,ho5rM8vbBWFIcv1kgBGNXu1B/A8=,3k/eYx1Gett3bEUPr99oO6dfCm8=
158,154,ho5rM8vbBWFIcv1kgBGNXu1B/A8=,3k/eYx1Gett3bEUPr99oO6dfCm8=
146,155,ho5rM8vbBWFIcv1kgBGNXu1B/A8=,3k/eYx1Gett3bEUPr99oO6dfCm8=
144,155,ho5rM8vbBWFIcv1kgBGNXu1B/A8=,3k/eYx1Gett3bEUPr99oO6dfCm8=
155,154,ho5rM8vbBWFIcv1kgBGNXu1B/A8=,3k/eYx1Gett3bEUPr99oO6dfCm8=
145,155,ho5rM8vbBWFIcv1kgBGNXu1B/A8=,3k/eYx1Gett3bEUPr99oO6dfCm8=
157,145,ho5rM8vbBWFIcv1kgBGNXu1B/A8=,3k/eYx1Gett3bEUPr99oO6dfCm8=
157,154,ho5rM8vbBWFIcv1kgBGNXu1B/A8=,3k/eYx1Gett3bEUPr99oO6dfCm8=
153,154,ho5rM8vbBWFIcv1kgBGNXu1B/A8=,3k/eYx1Gett3bEUPr99oO6dfCm8=
159,154,ho5rM8vbBWFIcv1kgBGNXu1B/A8=,3k/eYx1Gett3bEUPr99oO6dfCm8=
154,154,ho5rM8vbBWFIcv1kgBGNXu1B/A8=,3k/eYx1Gett3bEUPr99oO6dfCm8=
150,154,ho5rM8vbBWFIcv1kgBGNXu1B/A8=,3k/eYx1Gett3bEUPr99oO6dfCm8=
146,154,ho5rM8vbBWFIcv1kgBGNXu1B/A8=,3k/eYx1Gett3bEUPr99oO6dfCm8=
147,154,ho5rM8vbBWFIcv1kgBGNXu1B/A8=,3k/eYx1Gett3bEUPr99oO6dfCm8=
148,154,ho5rM8vbBWFIcv1kgBGNXu1B/A8=,3k/eYx1Gett3bEUPr99oO6dfCm8=
156,154,ho5rM8vbBWFIcv1kgBGNXu1B/A8=,3k/eYx1Gett3bEUPr99oO6dfCm8=
145,154,ho5rM8vbBWFIcv1kgBGNXu1B/A8=,3k/eYx1Gett3bEUPr99oO6dfCm8=
149,154,ho5rM8vbBWFIcv1kgBGNXu1B/A8=,3k/eYx1Gett3bEUPr99oO6dfCm8=
157,146,ho5rM8vbBWFIcv1kgBGNXu1B/A8=,3k/eYx1Gett3bEUPr99oO6dfCm8=
159,153,ho5rM8vbBWFIcv1kgBGNXu1B/A8=,3k/eYx1Gett3bEUPr99oO6dfCm8=
144,154,ho5rM8vbBWFIcv1kgBGNXu1B/A8=,3k/eYx1Gett3bEUPr99oO6dfCm8=
156,145,ho5rM8vbBWFIcv1kgBGNXu1B/A8=,3k/eYx1Gett3bEUPr99oO6dfCm8=
156,153,ho5rM8vbBWFIcv1kgBGNXu1B/A8=,3k/eYx1Gett3bEUPr99oO6dfCm8=
158,153,ho5rM8vbBWFIcv1kgBGNXu1B/A8=,3k/eYx1Gett3bEUPr99oO6dfCm8=
157,153,ho5rM8vbBWFIcv1kgBGNXu1B/A8=,3k/eYx1Gett3bEUPr99oO6dfCm8=
156,144,ho5rM8vbBWFIcv1kgBGNXu1B/A8=,3k/eYx1Gett3bEUPr99oO6dfCm8=
155,153,ho5rM8vbBWFIcv1kgBGNXu1B/A8=,3k/eYx1Gett3bEUPr99oO6dfCm8=
154,153,ho5rM8vbBWFIcv1kgBGNXu1B/A8=,3k/eYx1Gett3bEUPr99oO6dfCm8=
152,153,ho5rM8vbBWFIcv1kgBGNXu1B/A8=,3k/eYx1Gett3bEUPr99oO6dfCm8=
151,153,ho5rM8vbBWFIcv1kgBGNXu1B/A8=,3k/eYx1Gett3bEUPr99oO6dfCm8=
153,153,ho5rM8vbBWFIcv1kgBGNXu1B/A8=,3k/eYx1Gett3bEUPr99oO6dfCm8=
148,153,ho5rM8vbBWFIcv1kgBGNXu1B/A8=,3k/eYx1Gett3bEUPr99oO6dfCm8=
150,153,ho5rM8vbBWFIcv1kgBGNXu1B/A8=,3k/eYx1Gett3bEUPr99oO6dfCm8=
146,153,ho5rM8vbBWFIcv1kgBGNXu1B/A8=,3k/eYx1Gett3bEUPr99oO6dfCm8=
149,153,ho5rM8vbBWFIcv1kgBGNXu1B/A8=,3k/eYx1Gett3bEUPr99oO6dfCm8=
155,144,ho5rM8vbBWFIcv1kgBGNXu1B/A8=,3k/eYx1Gett3bEUPr99oO6dfCm8=
144,153,ho5rM8vbBWFIcv1kgBGNXu1B/A8=,3k/eYx1Gett3bEUPr99oO6dfCm8=
156,146,ho5rM8vbBWFIcv1kgBGNXu1B/A8=,3k/eYx1Gett3bEUPr99oO6dfCm8=
145,153,ho5rM8vbBWFIcv1kgBGNXu1B/A8=,3k/eYx1Gett3bEUPr99oO6dfCm8=
159,152,ho5rM8vbBWFIcv1kgBGNXu1B/A8=,3k/eYx1Gett3bEUPr99oO6dfCm8=
147,157,ho5rM8vbBWFIcv1kgBGNXu1B/A8=,3k/eYx1Gett3bEUPr99oO6dfCm8=
157,152,ho5rM8vbBWFIcv1kgBGNXu1B/A8=,3k/eYx1Gett3bEUPr99oO6dfCm8=
158,152,ho5rM8vbBWFIcv1kgBGNXu1B/A8=,3k/eYx1Gett3bEUPr99oO6dfCm8=
155,152,ho5rM8vbBWFIcv1kgBGNXu1B/A8=,3k/eYx1Gett3bEUPr99oO6dfCm8=
155,145,ho5rM8vbBWFIcv1kgBGNXu1B/A8=,3k/eYx1Gett3bEUPr99oO6dfCm8=
147,153,ho5rM8vbBWFIcv1kgBGNXu1B/A8=,3k/eYx1Gett3bEUPr99oO6dfCm8=
153,152,ho5rM8vbBWFIcv1kgBGNXu1B/A8=,3k/eYx1Gett3bEUPr99oO6dfCm8=
152,152,ho5rM8vbBWFIcv1kgBGNXu1B/A8=,3k/eYx1Gett3bEUPr99oO6dfCm8=
154,152,ho5rM8vbBWFIcv1kgBGNXu1B/A8=,3k/eYx1Gett3bEUPr99oO6dfCm8=
156,152,ho5rM8vbBWFIcv1kgBGNXu1B/A8=,3k/eYx1Gett3bEUPr99oO6dfCm8=
151,152,ho5rM8vbBWFIcv1kgBGNXu1B/A8=,3k/eYx1Gett3bEUPr99oO6dfCm8=
147,152,ho5rM8vbBWFIcv1kgBGNXu1B/A8=,3k/eYx1Gett3bEUPr99oO6dfCm8=
150,152,ho5rM8vbBWFIcv1kgBGNXu1B/A8=,3k/eYx1Gett3bEUPr99oO6dfCm8=
148,152,ho5rM8vbBWFIcv1kgBGNXu1B/A8=,3k/eYx1Gett3bEUPr99oO6dfCm8=
149,152,ho5rM8vbBWFIcv1kgBGNXu1B/A8=,3k/eYx1Gett3bEUPr99oO6dfCm8=
145,152,ho5rM8vbBWFIcv1kgBGNXu1B/A8=,3k/eYx1Gett3bEUPr99oO6dfCm8=
155,146,ho5rM8vbBWFIcv1kgBGNXu1B/A8=,3k/eYx1Gett3bEUPr99oO6dfCm8=
154,144,ho5rM8vbBWFIcv1kgBGNXu1B/A8=,3k/eYx1Gett3bEUPr99oO6dfCm8=
159,151,ho5rM8vbBWFIcv1kgBGNXu1B/A8=,3k/eYx1Gett3bEUPr99oO6dfCm8=
146,152,ho5rM8vbBWFIcv1kgBGNXu1B/A8=,3k/eYx1Gett3bEUPr99oO6dfCm8=
144,152,ho5rM8vbBWFIcv1kgBGNXu1B/A8=,3k/eYx1Gett3bEUPr99oO6dfCm8=
156,151,ho5rM8vbBWFIcv1kgBGNXu1B/A8=,3k/eYx1Gett3bEUPr99oO6dfCm8=
154,145,ho5rM8vbBWFIcv1kgBGNXu1B/A8=,3k/eYx1Gett3bEUPr99oO6dfCm8=
158,151,ho5rM8vbBWFIcv1kgBGNXu1B/A8=,3k/eYx1Gett3bEUPr99oO6dfCm8=
154,151,ho5rM8vbBWFIcv1kgBGNXu1B/A8=,3k/eYx1Gett3bEUPr99oO6dfCm8=
155,151,ho5rM8vbBWFIcv1kgBGNXu1B/A8=,3k/eYx1Gett3bEUPr99oO6dfCm8=
155,149,ho5rM8vbBWFIcv1kgBGNXu1B/A8=,3k/eYx1Gett3bEUPr99oO6dfCm8=
150,151,ho5rM8vbBWFIcv1kgBGNXu1B/A8=,3k/eYx1Gett3bEUPr99oO6dfCm8=
157,151,ho5rM8vbBWFIcv1kgBGNXu1B/A8=,3k/eYx1Gett3bEUPr99oO6dfCm8=
153,151,ho5rM8vbBWFIcv1kgBGNXu1B/A8=,3k/eYx1Gett3bEUPr99oO6dfCm8=
148,151,ho5rM8vbBWFIcv1kgBGNXu1B/A8=,3k/eYx1Gett3bEUPr99oO6dfCm8=
152,151,ho5rM8vbBWFIcv1kgBGNXu1B/A8=,3k/eYx1Gett3bEUPr99oO6dfCm8=
149,151,ho5rM8vbBWFIcv1kgBGNXu1B/A8=,3k/eYx1Gett3bEUPr99oO6dfCm8=
145,151,ho5rM8vbBWFIcv1kgBGNXu1B/A8=,3k/eYx1Gett3bEUPr99oO6dfCm8=
147,151,ho5rM8vbBWFIcv1kgBGNXu1B/A8=,3k/eYx1Gett3bEUPr99oO6dfCm8=
146,151,ho5rM8vbBWFIcv1kgBGNXu1B/A8=,3k/eYx1Gett3bEUPr99oO6dfCm8=
153,144,ho5rM8vbBWFIcv1kgBGNXu1B/A8=,3k/eYx1Gett3bEUPr99oO6dfCm8=
154,146,ho5rM8vbBWFIcv1kgBGNXu1B/A8=,3k/eYx1Gett3bEUPr99oO6dfCm8=
151,151,ho5rM8vbBWFIcv1kgBGNXu1B/A8=,3k/eYx1Gett3bEUPr99oO6dfCm8=
156,149,ho5rM8vbBWFIcv1kgBGNXu1B/A8=,3k/eYx1Gett3bEUPr99oO6dfCm8=
159,150,ho5rM8vbBWFIcv1kgBGNXu1B/A8=,3k/eYx1Gett3bEUPr99oO6dfCm8=
153,145,ho5rM8vbBWFIcv1kgBGNXu1B/A8=,3k/eYx1Gett3bEUPr99oO6dfCm8=
158,150,ho5rM8vbBWFIcv1kgBGNXu1B/A8=,3k/eYx1Gett3bEUPr99oO6dfCm8=
144,151,ho5rM8vbBWFIcv1kgBGNXu1B/A8=,3k/eYx1Gett3bEUPr99oO6dfCm8=
155,150,ho5rM8vbBWFIcv1kgBGNXu1B/A8=,3k/eYx1Gett3bEUPr99oO6dfCm8=
157,150,ho5rM8vbBWFIcv1kgBGNXu1B/A8=,3k/eYx1Gett3bEUPr99oO6dfCm8=
154,150,ho5rM8vbBWFIcv1kgBGNXu1B/A8=,3k/eYx1Gett3bEUPr99oO6dfCm8=
153,150,ho5rM8vbBWFIcv1kgBGNXu1B/A8=,3k/eYx1Gett3bEUPr99oO6dfCm8=
156,150,ho5rM8vbBWFIcv1kgBGNXu1B/A8=,3k/eYx1Gett3bEUPr99oO6dfCm8=
157,149,ho5rM8vbBWFIcv1kgBGNXu1B/A8=,3k/eYx1Gett3bEUPr99oO6dfCm8=
151,154,ho5rM8vbBWFIcv1kgBGNXu1B/A8=,3k/eYx1Gett3bEUPr99oO6dfCm8=
149,150,ho5rM8vbBWFIcv1kgBGNXu1B/A8=,3k/eYx1Gett3bEUPr99oO6dfCm8=
151,150,ho5rM8vbBWFIcv1kgBGNXu1B/A8=,3k/eYx1Gett3bEUPr99oO6dfCm8=
152,150,ho5rM8vbBWFIcv1kgBGNXu1B/A8=,3k/eYx1Gett3bEUPr99oO6dfCm8=
145,150,ho5rM8vbBWFIcv1kgBGNXu1B/A8=,3k/eYx1Gett3bEUPr99oO6dfCm8=
148,150,ho5rM8vbBWFIcv1kgBGNXu1B/A8=,3k/eYx1Gett3bEUPr99oO6dfCm8=
147,150,ho5rM8vbBWFIcv1kgBGNXu1B/A8=,3k/eYx1Gett3bEUPr99oO6dfCm8=
150,150,ho5rM8vbBWFIcv1kgBGNXu1B/A8=,3k/eYx1Gett3bEUPr99oO6dfCm8=
153,146,ho5rM8vbBWFIcv1kgBGNXu1B/A8=,3k/eYx1Gett3bEUPr99oO6dfCm8=
152,145,ho5rM8vbBWFIcv1kgBGNXu1B/A8=,3k/eYx1Gett3bEUPr99oO6dfCm8=
152,144,ho5rM8vbBWFIcv1kgBGNXu1B/A8=,3k/eYx1Gett3bEUPr99oO6dfCm8=
158,149,ho5rM8vbBWFIcv1kgBGNXu1B/A8=,3k/eYx1Gett3bEUPr99oO6dfCm8=
146,150,ho5rM8vbBWFIcv1kgBGNXu1B/A8=,3k/eYx1Gett3bEUPr99oO6dfCm8=
144,150,ho5rM8vbBWFIcv1kgBGNXu1B/A8=,3k/eYx1Gett3bEUPr99oO6dfCm8=
159,149,ho5rM8vbBWFIcv1kgBGNXu1B/A8=,3k/eYx1Gett3bEUPr99oO6dfCm8=
152,154,ho5rM8vbBWFIcv1kgBGNXu1B/A8=,3k/eYx1Gett3bEUPr99oO6dfCm8=
158,146,ho5rM8vbBWFIcv1kgBGNXu1B/A8=,3k/eYx1Gett3bEUPr99oO6dfCm8=
150,131,Z3Ccf99OTORWF7wOQa6z1iNoghY=,qroKQGnvy0CYuiL0W9XVBEMZEmA=
149,128,Z3Ccf99OTORWF7wOQa6z1iNoghY=,qroKQGnvy0CYuiL0W9XVBEMZEmA=
150,130,Z3Ccf99OTORWF7wOQa6z1iNoghY=,qroKQGnvy0CYuiL0W9XVBEMZEmA=
149,131,Z3Ccf99OTORWF7wOQa6z1iNoghY=,qroKQGnvy0CYuiL0W9XVBEMZEmA=
147,128,Z3Ccf99OTORWF7wOQa6z1iNoghY=,qroKQGnvy0CYuiL0W9XVBEMZEmA=
149,130,Z3Ccf99OTORWF7wOQa6z1iNoghY=,qroKQGnvy0CYuiL0W9XVBEMZEmA=
148,131,Z3Ccf99OTORWF7wOQa6z1iNoghY=,qroKQGnvy0CYuiL0W9XVBEMZEmA=
147,131,Z3Ccf99OTORWF7wOQa6z1iNoghY=,qroKQGnvy0CYuiL0W9XVBEMZEmA=
148,130,Z3Ccf99OTORWF7wOQa6z1iNoghY=,qroKQGnvy0CYuiL0W9XVBEMZEmA=
149,129,Z3Ccf99OTORWF7wOQa6z1iNoghY=,qroKQGnvy0CYuiL0W9XVBEMZEmA=
148,129,Z3Ccf99OTORWF7wOQa6z1iNoghY=,qroKQGnvy0CYuiL0W9XVBEMZEmA=
159,143,Z3Ccf99OTORWF7wOQa6z1iNoghY=,qroKQGnvy0CYuiL0W9XVBEMZEmA=
157,143,Z3Ccf99OTORWF7wOQa6z1iNoghY=,qroKQGnvy0CYuiL0W9XVBEMZEmA=
158,143,Z3Ccf99OTORWF7wOQa6z1iNoghY=,qroKQGnvy0CYuiL0W9XVBEMZEmA=
146,131,Z3Ccf99OTORWF7wOQa6z1iNoghY=,qroKQGnvy0CYuiL0W9XVBEMZEmA=
151,131,Z3Ccf99OTORWF7wOQa6z1iNoghY=,qroKQGnvy0CYuiL0W9XVBEMZEmA=
152,131,Z3Ccf99OTORWF7wOQa6z1iNoghY=,qroKQGnvy0CYuiL0W9XVBEMZEmA=
154,143,Z3Ccf99OTORWF7wOQa6z1iNoghY=,qroKQGnvy0CYuiL0W9XVBEMZEmA=
153,143,Z3Ccf99OTORWF7wOQa6z1iNoghY=,qroKQGnvy0CYuiL0W9XVBEMZEmA=
155,143,Z3Ccf99OTORWF7wOQa6z1iNoghY=,qroKQGnvy0CYuiL0W9XVBEMZEmA=
151,143,Z3Ccf99OTORWF7wOQa6z1iNoghY=,qroKQGnvy0CYuiL0W9XVBEMZEmA=
150,143,Z3Ccf99OTORWF7wOQa6z1iNoghY=,qroKQGnvy0CYuiL0W9XVBEMZEmA=
148,143,Z3Ccf99OTORWF7wOQa6z1iNoghY=,qroKQGnvy0CYuiL0W9XVBEMZEmA=
145,128,Z3Ccf99OTORWF7wOQa6z1iNoghY=,qroKQGnvy0CYuiL0W9XVBEMZEmA=
156,143,Z3Ccf99OTORWF7wOQa6z1iNoghY=,qroKQGnvy0CYuiL0W9XVBEMZEmA=
153,131,Z3Ccf99OTORWF7wOQa6z1iNoghY=,qroKQGnvy0CYuiL0W9XVBEMZEmA=
152,143,Z3Ccf99OTORWF7wOQa6z1iNoghY=,qroKQGnvy0CYuiL0W9XVBEMZEmA=
145,131,Z3Ccf99OTORWF7wOQa6z1iNoghY=,qroKQGnvy0CYuiL0W9XVBEMZEmA=
148,128,Z3Ccf99OTORWF7wOQa6z1iNoghY=,qroKQGnvy0CYuiL0W9XVBEMZEmA=
159,142,Z3Ccf99OTORWF7wOQa6z1iNoghY=,qroKQGnvy0CYuiL0W9XVBEMZEmA=
147,143,Z3Ccf99OTORWF7wOQa6z1iNoghY=,qroKQGnvy0CYuiL0W9XVBEMZEmA=
158,142,Z3Ccf99OTORWF7wOQa6z1iNoghY=,qroKQGnvy0CYuiL0W9XVBEMZEmA=
154,131,Z3Ccf99OTORWF7wOQa6z1iNoghY=,qroKQGnvy0CYuiL0W9XVBEMZEmA=
157,142,Z3Ccf99OTORWF7wOQa6z1iNoghY=,qroKQGnvy0CYuiL0W9XVBEMZEmA=
155,142,Z3Ccf99OTORWF7wOQa6z1iNoghY=,qroKQGnvy0CYuiL0W9XVBEMZEmA=
147,130,Z3Ccf99OTORWF7wOQa6z1iNoghY=,qroKQGnvy0CYuiL0W9XVBEMZEmA=
154,142,Z3Ccf99OTORWF7wOQa6z1iNoghY=,qroKQGnvy0CYuiL0W9XVBEMZEmA=
144,143,Z3Ccf99OTORWF7wOQa6z1iNoghY=,qroKQGnvy0CYuiL0W9XVBEMZEmA=
155,131,Z3Ccf99OTORWF7wOQa6z1iNoghY=,qroKQGnvy0CYuiL0W9XVBEMZEmA=
145,143,Z3Ccf99OTORWF7wOQa6z1iNoghY=,qroKQGnvy0CYuiL0W9XVBEMZEmA=
151,142,Z3Ccf99OTORWF7wOQa6z1iNoghY=,qroKQGnvy0CYuiL0W9XVBEMZEmA=
150,142,Z3Ccf99OTORWF7wOQa6z1iNoghY=,qroKQGnvy0CYuiL0W9XVBEMZEmA=
153,142,Z3Ccf99OTORWF7wOQa6z1iNoghY=,qroKQGnvy0CYuiL0W9XVBEMZEmA=
147,129,Z3Ccf99OTORWF7wOQa6z1iNoghY=,qroKQGnvy0CYuiL0W9XVBEMZEmA=
148,142,Z3Ccf99OTORWF7wOQa6z1iNoghY=,qroKQGnvy0CYuiL0W9XVBEMZEmA=
146,130,Z3Ccf99OTORWF7wOQa6z1iNoghY=,qroKQGnvy0CYuiL0W9XVBEMZEmA=
144,142,Z3Ccf99OTORWF7wOQa6z1iNoghY=,qroKQGnvy0CYuiL0W9XVBEMZEmA=
158,141,Z3Ccf99OTORWF7wOQa6z1iNoghY=,qroKQGnvy0CYuiL0W9XVBEMZEmA=
156,141,Z3Ccf99OTORWF7wOQa6z1iNoghY=,qroKQGnvy0CYuiL0W9XVBEMZEmA=
157,141,Z3Ccf99OTORWF7wOQa6z1iNoghY=,qroKQGnvy0CYuiL0W9XVBEMZEmA=
154,141,Z3Ccf99OTORWF7wOQa6z1iNoghY=,qroKQGnvy0CYuiL0W9XVBEMZEmA=
149,143,Z3Ccf99OTORWF7wOQa6z1iNoghY=,qroKQGnvy0CYuiL0W9XVBEMZEmA=
155,141,Z3Ccf99OTORWF7wOQa6z1iNoghY=,qroKQGnvy0CYuiL0W9XVBEMZEmA=
152,141,Z3Ccf99OTORWF7wOQa6z1iNoghY=,qroKQGnvy0CYuiL0W9XVBEMZEmA=
153,141,Z3Ccf99OTORWF7wOQa6z1iNoghY=,qroKQGnvy0CYuiL0W9XVBEMZEmA=
159,141,Z3Ccf99OTORWF7wOQa6z1iNoghY=,qroKQGnvy0CYuiL0W9XVBEMZEmA=
150,141,Z3Ccf99OTORWF7wOQa6z1iNoghY=,qroKQGnvy0CYuiL0W9XVBEMZEmA=
148,141,Z3Ccf99OTORWF7wOQa6z1iNoghY=,qroKQGnvy0CYuiL0W9XVBEMZEmA=
147,141,Z3Ccf99OTORWF7wOQa6z1iNoghY=,qroKQGnvy0CYuiL0W9XVBEMZEmA=
146,141,Z3Ccf99OTORWF7wOQa6z1iNoghY=,qroKQGnvy0CYuiL0W9XVBEMZEmA=
151,141,Z3Ccf99OTORWF7wOQa6z1iNoghY=,qroKQGnvy0CYuiL0W9XVBEMZEmA=
149,141,Z3Ccf99OTORWF7wOQa6z1iNoghY=,qroKQGnvy0CYuiL0W9XVBEMZEmA=
145,141,Z3Ccf99OTORWF7wOQa6z1iNoghY=,qroKQGnvy0CYuiL0W9XVBEMZEmA=
144,141,Z3Ccf99OTORWF7wOQa6z1iNoghY=,qroKQGnvy0CYuiL0W9XVBEMZEmA=
145,130,Z3Ccf99OTORWF7wOQa6z1iNoghY=,qroKQGnvy0CYuiL0W9XVBEMZEmA=
158,140,Z3Ccf99OTORWF7wOQa6z1iNoghY=,qroKQGnvy0CYuiL0W9XVBEMZEmA=
159,140,Z3Ccf99OTORWF7wOQa6z1iNoghY=,qroKQGnvy0CYuiL0W9XVBEMZEmA=
157,140,Z3Ccf99OTORWF7wOQa6z1iNoghY=,qroKQGnvy0CYuiL0W9XVBEMZEmA=
146,129,Z3Ccf99OTORWF7wOQa6z1iNoghY=,qroKQGnvy0CYuiL0W9XVBEMZEmA=
156,140,Z3Ccf99OTORWF7wOQa6z1iNoghY=,qroKQGnvy0CYuiL0W9XVBEMZEmA=
154,140,Z3Ccf99OTORWF7wOQa6z1iNoghY=,qroKQGnvy0CYuiL0W9XVBEMZEmA=
149,142,Z3Ccf99OTORWF7wOQa6z1iNoghY=,qroKQGnvy0CYuiL0W9XVBEMZEmA=
155,140,Z3Ccf99OTORWF7wOQa6z1iNoghY=,qroKQGnvy0CYuiL0W9XVBEMZEmA=
149,140,Z3Ccf99OTORWF7wOQa6z1iNoghY=,qroKQGnvy0CYuiL0W9XVBEMZEmA=
152,140,Z3Ccf99OTORWF7wOQa6z1iNoghY=,qroKQGnvy0CYuiL0W9XVBEMZEmA=
150,140,Z3Ccf99OTORWF7wOQa6z1iNoghY=,qroKQGnvy0CYuiL0W9XVBEMZEmA=
148,140,Z3Ccf99OTORWF7wOQa6z1iNoghY=,qroKQGnvy0CYuiL0W9XVBEMZEmA=
153,140,Z3Ccf99OTORWF7wOQa6z1iNoghY=,qroKQGnvy0CYuiL0W9XVBEMZEmA=
147,140,Z3Ccf99OTORWF7wOQa6z1iNoghY=,qroKQGnvy0CYuiL0W9XVBEMZEmA=
151,140,Z3Ccf99OTORWF7wOQa6z1iNoghY=,qroKQGnvy0CYuiL0W9XVBEMZEmA=
145,140,Z3Ccf99OTORWF7wOQa6z1iNoghY=,qroKQGnvy0CYuiL0W9XVBEMZEmA=
144,140,Z3Ccf99OTORWF7wOQa6z1iNoghY=,qroKQGnvy0CYuiL0W9XVBEMZEmA=
146,140,Z3Ccf99OTORWF7wOQa6z1iNoghY=,qroKQGnvy0CYuiL0W9XVBEMZEmA=
145,129,Z3Ccf99OTORWF7wOQa6z1iNoghY=,qroKQGnvy0CYuiL0W9XVBEMZEmA=
146,128,Z3Ccf99OTORWF7wOQa6z1iNoghY=,qroKQGnvy0CYuiL0W9XVBEMZEmA=
158,128,Z3Ccf99OTORWF7wOQa6z1iNoghY=,qroKQGnvy0CYuiL0W9XVBEMZEmA=
159,130,Z3Ccf99OTORWF7wOQa6z1iNoghY=,qroKQGnvy0CYuiL0W9XVBEMZEmA=
144,131,Z3Ccf99OTORWF7wOQa6z1iNoghY=,qroKQGnvy0CYuiL0W9XVBEMZEmA=
144,130,Z3Ccf99OTORWF7wOQa6z1iNoghY=,qroKQGnvy0CYuiL0W9XVBEMZEmA=
159,128,Z3Ccf99OTORWF7wOQa6z1iNoghY=,qroKQGnvy0CYuiL0W9XVBEMZEmA=
158,129,Z3Ccf99OTORWF7wOQa6z1iNoghY=,qroKQGnvy0CYuiL0W9XVBEMZEmA=
144,129,Z3Ccf99OTORWF7wOQa6z1iNoghY=,qroKQGnvy0CYuiL0W9XVBEMZEmA=
159,139,Z3Ccf99OTORWF7wOQa6z1iNoghY=,qroKQGnvy0CYuiL0W9XVBEMZEmA=
156,139,Z3Ccf99OTORWF7wOQa6z1iNoghY=,qroKQGnvy0CYuiL0W9XVBEMZEmA=
159,129,Z3Ccf99OTORWF7wOQa6z1iNoghY=,qroKQGnvy0CYuiL0W9XVBEMZEmA=
157,139,Z3Ccf99OTORWF7wOQa6z1iNoghY=,qroKQGnvy0CYuiL0W9XVBEMZEmA=
154,139,Z3Ccf99OTORWF7wOQa6z1iNoghY=,qroKQGnvy0CYuiL0W9XVBEMZEmA=
152,139,Z3Ccf99OTORWF7wOQa6z1iNoghY=,qroKQGnvy0CYuiL0W9XVBEMZEmA=
153,139,Z3Ccf99OTORWF7wOQa6z1iNoghY=,qroKQGnvy0CYuiL0W9XVBEMZEmA=
158,139,Z3Ccf99OTORWF7wOQa6z1iNoghY=,qroKQGnvy0CYuiL0W9XVBEMZEmA=
149,139,Z3Ccf99OTORWF7wOQa6z1iNoghY=,qroKQGnvy0CYuiL0W9XVBEMZEmA=
150,139,Z3Ccf99OTORWF7wOQa6z1iNoghY=,qroKQGnvy0CYuiL0W9XVBEMZEmA=
151,139,Z3Ccf99OTORWF7wOQa6z1iNoghY=,qroKQGnvy0CYuiL0W9XVBEMZEmA=
148,139,Z3Ccf99OTORWF7wOQa6z1iNoghY=,qroKQGnvy0CYuiL0W9XVBEMZEmA=
146,139,Z3Ccf99OTORWF7wOQa6z1iNoghY=,qroKQGnvy0CYuiL0W9XVBEMZEmA=
157,128,Z3Ccf99OTORWF7wOQa6z1iNoghY=,qroKQGnvy0CYuiL0W9XVBEMZEmA=
145,139,Z3Ccf99OTORWF7wOQa6z1iNoghY=,qroKQGnvy0CYuiL0W9XVBEMZEmA=
147,139,Z3Ccf99OTORWF7wOQa6z1iNoghY=,qroKQGnvy0CYuiL0W9XVBEMZEmA=
144,139,Z3Ccf99OTORWF7wOQa6z1iNoghY=,qroKQGnvy0CYuiL0W9XVBEMZEmA=
158,130,Z3Ccf99OTORWF7wOQa6z1iNoghY=,qroKQGnvy0CYuiL0W9XVBEMZEmA=
159,138,Z3Ccf99OTORWF7wOQa6z1iNoghY=,qroKQGnvy0CYuiL0W9XVBEMZEmA=
157,129,Z3Ccf99OTORWF7wOQa6z1iNoghY=,qroKQGnvy0CYuiL0W9XVBEMZEmA=
156,138,Z3Ccf99OTORWF7wOQa6z1iNoghY=,qroKQGnvy0CYuiL0W9XVBEMZEmA=
158,138,Z3Ccf99OTORWF7wOQa6z1iNoghY=,qroKQGnvy0CYuiL0W9XVBEMZEmA=
157,138,Z3Ccf99OTORWF7wOQa6z1iNoghY=,qroKQGnvy0CYuiL0W9XVBEMZEmA=
153,138,Z3Ccf99OTORWF7wOQa6z1iNoghY=,qroKQGnvy0CYuiL0W9XVBEMZEmA=
152,138,Z3Ccf99OTORWF7wOQa6z1iNoghY=,qroKQGnvy0CYuiL0W9XVBEMZEmA=
154,138,Z3Ccf99OTORWF7wOQa6z1iNoghY=,qroKQGnvy0CYuiL0W9XVBEMZEmA=
151,138,Z3Ccf99OTORWF7wOQa6z1iNoghY=,qroKQGnvy0CYuiL0W9XVBEMZEmA=
150,138,Z3Ccf99OTORWF7wOQa6z1iNoghY=,qroKQGnvy0CYuiL0W9XVBEMZEmA=
149,138,Z3Ccf99OTORWF7wOQa6z1iNoghY=,qroKQGnvy0CYuiL0W9XVBEMZEmA=
148,138,Z3Ccf99OTORWF7wOQa6z1iNoghY=,qroKQGnvy0CYuiL0W9XVBEMZEmA=
147,138,Z3Ccf99OTORWF7wOQa6z1iNoghY=,qroKQGnvy0CYuiL0W9XVBEMZEmA=
146,138,Z3Ccf99OTORWF7wOQa6z1iNoghY=,qroKQGnvy0CYuiL0W9XVBEMZEmA=
155,138,Z3Ccf99OTORWF7wOQa6z1iNoghY=,qroKQGnvy0CYuiL0W9XVBEMZEmA=
144,138,Z3Ccf99OTORWF7wOQa6z1iNoghY=,qroKQGnvy0CYuiL0W9XVBEMZEmA=
145,138,Z3Ccf99OTORWF7wOQa6z1iNoghY=,qroKQGnvy0CYuiL0W9XVBEMZEmA=
156,128,Z3Ccf99OTORWF7wOQa6z1iNoghY=,qroKQGnvy0CYuiL0W9XVBEMZEmA=
157,130,Z3Ccf99OTORWF7wOQa6z1iNoghY=,qroKQGnvy0CYuiL0W9XVBEMZEmA=
159,137,Z3Ccf99OTORWF7wOQa6z1iNoghY=,qroKQGnvy0CYuiL0W9XVBEMZEmA=
156,129,Z3Ccf99OTORWF7wOQa6z1iNoghY=,qroKQGnvy0CYuiL0W9XVBEMZEmA=
157,137,Z3Ccf99OTORWF7wOQa6z1iNoghY=,qroKQGnvy0CYuiL0W9XVBEMZEmA=
156,137,Z3Ccf99OTORWF7wOQa6z1iNoghY=,qroKQGnvy0CYuiL0W9XVBEMZEmA=
158,137,Z3Ccf99OTORWF7wOQa6z1iNoghY=,qroKQGnvy0CYuiL0W9XVBEMZEmA=
155,137,Z3Ccf99OTORWF7wOQa6z1iNoghY=,qroKQGnvy0CYuiL0W9XVBEMZEmA=
154,137,Z3Ccf99OTORWF7wOQa6z1iNoghY=,qroKQGnvy0CYuiL0W9XVBEMZEmA=
151,137,Z3Ccf99OTORWF7wOQa6z1iNoghY=,qroKQGnvy0CYuiL0W9XVBEMZEmA=
152,137,Z3Ccf99OTORWF7wOQa6z1iNoghY=,qroKQGnvy0CYuiL0W9XVBEMZEmA=
153,137,Z3Ccf99OTORWF7wOQa6z1iNoghY=,qroKQGnvy0CYuiL0W9XVBEMZEmA=
149,137,Z3Ccf99OTORWF7wOQa6z1iNoghY=,qroKQGnvy0CYuiL0W9XVBEMZEmA=
150,137,Z3Ccf99OTORWF7wOQa6z1iNoghY=,qroKQGnvy0CYuiL0W9XVBEMZEmA=
148,137,Z3Ccf99OTORWF7wOQa6z1iNoghY=,qroKQGnvy0CYuiL0W9XVBEMZEmA=
146,143,Z3Ccf99OTORWF7wOQa6z1iNoghY=,qroKQGnvy0CYuiL0W9XVBEMZEmA=
145,137,Z3Ccf99OTORWF7wOQa6z1iNoghY=,qroKQGnvy0CYuiL0W9XVBEMZEmA=
155,128,Z3Ccf99OTORWF7wOQa6z1iNoghY=,qroKQGnvy0CYuiL0W9XVBEMZEmA=
155,129,Z3Ccf99OTORWF7wOQa6z1iNoghY=,qroKQGnvy0CYuiL0W9XVBEMZEmA=
146,137,Z3Ccf99OTORWF7wOQa6z1iNoghY=,qroKQGnvy0CYuiL0W9XVBEMZEmA=
144,137,Z3Ccf99OTORWF7wOQa6z1iNoghY=,qroKQGnvy0CYuiL0W9XVBEMZEmA=
159,136,Z3Ccf99OTORWF7wOQa6z1iNoghY=,qroKQGnvy0CYuiL0W9XVBEMZEmA=
147,137,Z3Ccf99OTORWF7wOQa6z1iNoghY=,qroKQGnvy0CYuiL0W9XVBEMZEmA=
156,130,Z3Ccf99OTORWF7wOQa6z1iNoghY=,qroKQGnvy0CYuiL0W9XVBEMZEmA=
157,136,Z3Ccf99OTORWF7wOQa6z1iNoghY=,qroKQGnvy0CYuiL0W9XVBEMZEmA=
155,136,Z3Ccf99OTORWF7wOQa6z1iNoghY=,qroKQGnvy0CYuiL0W9XVBEMZEmA=
156,136,Z3Ccf99OTORWF7wOQa6z1iNoghY=,qroKQGnvy0CYuiL0W9XVBEMZEmA=
154,136,Z3Ccf99OTORWF7wOQa6z1iNoghY=,qroKQGnvy0CYuiL0W9XVBEMZEmA=
158,136,Z3Ccf99OTORWF7wOQa6z1iNoghY=,qroKQGnvy0CYuiL0W9XVBEMZEmA=
152,136,Z3Ccf99OTORWF7wOQa6z1iNoghY=,qroKQGnvy0CYuiL0W9XVBEMZEmA=
153,136,Z3Ccf99OTORWF7wOQa6z1iNoghY=,qroKQGnvy0CYuiL0W9XVBEMZEmA=
150,136,Z3Ccf99OTORWF7wOQa6z1iNoghY=,qroKQGnvy0CYuiL0W9XVBEMZEmA=
151,136,Z3Ccf99OTORWF7wOQa6z1iNoghY=,qroKQGnvy0CYuiL0W9XVBEMZEmA=
148,136,Z3Ccf99OTORWF7wOQa6z1iNoghY=,qroKQGnvy0CYuiL0W9XVBEMZEmA=
147,136,Z3Ccf99OTORWF7wOQa6z1iNoghY=,qroKQGnvy0CYuiL0W9XVBEMZEmA=
149,136,Z3Ccf99OTORWF7wOQa6z1iNoghY=,qroKQGnvy0CYuiL0W9XVBEMZEmA=
146,136,Z3Ccf99OTORWF7wOQa6z1iNoghY=,qroKQGnvy0CYuiL0W9XVBEMZEmA=
154,128,Z3Ccf99OTORWF7wOQa6z1iNoghY=,qroKQGnvy0CYuiL0W9XVBEMZEmA=
145,136,Z3Ccf99OTORWF7wOQa6z1iNoghY=,qroKQGnvy0CYuiL0W9XVBEMZEmA=
155,130,Z3Ccf99OTORWF7wOQa6z1iNoghY=,qroKQGnvy0CYuiL0W9XVBEMZEmA=
159,135,Z3Ccf99OTORWF7wOQa6z1iNoghY=,qroKQGnvy0CYuiL0W9XVBEMZEmA=
144,136,Z3Ccf99OTORWF7wOQa6z1iNoghY=,qroKQGnvy0CYuiL0W9XVBEMZEmA=
154,129,Z3Ccf99OTORWF7wOQa6z1iNoghY=,qroKQGnvy0CYuiL0W9XVBEMZEmA=
156,131,Z3Ccf99OTORWF7wOQa6z1iNoghY=,qroKQGnvy0CYuiL0W9XVBEMZEmA=
158,135,Z3Ccf99OTORWF7wOQa6z1iNoghY=,qroKQGnvy0CYuiL0W9XVBEMZEmA=
155,135,Z3Ccf99OTORWF7wOQa6z1iNoghY=,qroKQGnvy0CYuiL0W9XVBEMZEmA=
156,135,Z3Ccf99OTORWF7wOQa6z1iNoghY=,qroKQGnvy0CYuiL0W9XVBEMZEmA=
157,135,Z3Ccf99OTORWF7wOQa6z1iNoghY=,qroKQGnvy0CYuiL0W9XVBEMZEmA=
153,135,Z3Ccf99OTORWF7wOQa6z1iNoghY=,qroKQGnvy0CYuiL0W9XVBEMZEmA=
151,135,Z3Ccf99OTORWF7wOQa6z1iNoghY=,qroKQGnvy0CYuiL0W9XVBEMZEmA=
152,135,Z3Ccf99OTORWF7wOQa6z1iNoghY=,qroKQGnvy0CYuiL0W9XVBEMZEmA=
154,135,Z3Ccf99OTORWF7wOQa6z1iNoghY=,qroKQGnvy0CYuiL0W9XVBEMZEmA=
150,135,Z3Ccf99OTORWF7wOQa6z1iNoghY=,qroKQGnvy0CYuiL0W9XVBEMZEmA=
148,135,Z3Ccf99OTORWF7wOQa6z1iNoghY=,qroKQGnvy0CYuiL0W9XVBEMZEmA=
147,135,Z3Ccf99OTORWF7wOQa6z1iNoghY=,qroKQGnvy0CYuiL0W9XVBEMZEmA=
145,135,Z3Ccf99OTORWF7wOQa6z1iNoghY=,qroKQGnvy0CYuiL0W9XVBEMZEmA=
154,130,Z3Ccf99OTORWF7wOQa6z1iNoghY=,qroKQGnvy0CYuiL0W9XVBEMZEmA=
146,135,Z3Ccf99OTORWF7wOQa6z1iNoghY=,qroKQGnvy0CYuiL0W9XVBEMZEmA=
144,135,Z3Ccf99OTORWF7wOQa6z1iNoghY=,qroKQGnvy0CYuiL0W9XVBEMZEmA=
153,128,Z3Ccf99OTORWF7wOQa6z1iNoghY=,qroKQGnvy0CYuiL0W9XVBEMZEmA=
157,131,Z3Ccf99OTORWF7wOQa6z1iNoghY=,qroKQGnvy0CYuiL0W9XVBEMZEmA=
149,135,Z3Ccf99OTORWF7wOQa6z1iNoghY=,qroKQGnvy0CYuiL0W9XVBEMZEmA=
157,134,Z3Ccf99OTORWF7wOQa6z1iNoghY=,qroKQGnvy0CYuiL0W9XVBEMZEmA=
158,134,Z3Ccf99OTORWF7wOQa6z1iNoghY=,qroKQGnvy0CYuiL0W9XVBEMZEmA=
153,129,Z3Ccf99OTORWF7wOQa6z1iNoghY=,qroKQGnvy0CYuiL0W9XVBEMZEmA=
156,134,Z3Ccf99OTORWF7wOQa6z1iNoghY=,qroKQGnvy0CYuiL0W9XVBEMZEmA=
154,134,Z3Ccf99OTORWF7wOQa6z1iNoghY=,qroKQGnvy0CYuiL0W9XVBEMZEmA=
155,134,Z3Ccf99OTORWF7wOQa6z1iNoghY=,qroKQGnvy0CYuiL0W9XVBEMZEmA=
158,131,Z3Ccf99OTORWF7wOQa6z1iNoghY=,qroKQGnvy0CYuiL0W9XVBEMZEmA=
153,134,Z3Ccf99OTORWF7wOQa6z1iNoghY=,qroKQGnvy0CYuiL0W9XVBEMZEmA=
152,134,Z3Ccf99OTORWF7wOQa6z1iNoghY=,qroKQGnvy0CYuiL0W9XVBEMZEmA=
159,134,Z3Ccf99OTORWF7wOQa6z1iNoghY=,qroKQGnvy0CYuiL0W9XVBEMZEmA=
151,134,Z3Ccf99OTORWF7wOQa6z1iNoghY=,qroKQGnvy0CYuiL0W9XVBEMZEmA=
150,134,Z3Ccf99OTORWF7wOQa6z1iNoghY=,qroKQGnvy0CYuiL0W9XVBEMZEmA=
149,134,Z3Ccf99OTORWF7wOQa6z1iNoghY=,qroKQGnvy0CYuiL0W9XVBEMZEmA=
147,134,Z3Ccf99OTORWF7wOQa6z1iNoghY=,qroKQGnvy0CYuiL0W9XVBEMZEmA=
159,131,Z3Ccf99OTORWF7wOQa6z1iNoghY=,qroKQGnvy0CYuiL0W9XVBEMZEmA=
145,134,Z3Ccf99OTORWF7wOQa6z1iNoghY=,qroKQGnvy0CYuiL0W9XVBEMZEmA=
153,130,Z3Ccf99OTORWF7wOQa6z1iNoghY=,qroKQGnvy0CYuiL0W9XVBEMZEmA=
146,134,Z3Ccf99OTORWF7wOQa6z1iNoghY=,qroKQGnvy0CYuiL0W9XVBEMZEmA=
144,134,Z3Ccf99OTORWF7wOQa6z1iNoghY=,qroKQGnvy0CYuiL0W9XVBEMZEmA=
148,134,Z3Ccf99OTORWF7wOQa6z1iNoghY=,qroKQGnvy0CYuiL0W9XVBEMZEmA=
152,128,Z3Ccf99OTORWF7wOQa6z1iNoghY=,qroKQGnvy0CYuiL0W9XVBEMZEmA=
152,129,Z3Ccf99OTORWF7wOQa6z1iNoghY=,qroKQGnvy0CYuiL0W9XVBEMZEmA=
159,133,Z3Ccf99OTORWF7wOQa6z1iNoghY=,qroKQGnvy0CYuiL0W9XVBEMZEmA=
157,133,Z3Ccf99OTORWF7wOQa6z1iNoghY=,qroKQGnvy0CYuiL0W9XVBEMZEmA=
158,133,Z3Ccf99OTORWF7wOQa6z1iNoghY=,qroKQGnvy0CYuiL0W9XVBEMZEmA=
150,129,Z3Ccf99OTORWF7wOQa6z1iNoghY=,qroKQGnvy0CYuiL0W9XVBEMZEmA=
156,133,Z3Ccf99OTORWF7wOQa6z1iNoghY=,qroKQGnvy0CYuiL0W9XVBEMZEmA=
155,133,Z3Ccf99OTORWF7wOQa6z1iNoghY=,qroKQGnvy0CYuiL0W9XVBEMZEmA=
154,133,Z3Ccf99OTORWF7wOQa6z1iNoghY=,qroKQGnvy0CYuiL0W9XVBEMZEmA=
153,133,Z3Ccf99OTORWF7wOQa6z1iNoghY=,qroKQGnvy0CYuiL0W9XVBEMZEmA=
151,133,Z3Ccf99OTORWF7wOQa6z1iNoghY=,qroKQGnvy0CYuiL0W9XVBEMZEmA=
152,133,Z3Ccf99OTORWF7wOQa6z1iNoghY=,qroKQGnvy0CYuiL0W9XVBEMZEmA=
152,142,Z3Ccf99OTORWF7wOQa6z1iNoghY=,qroKQGnvy0CYuiL0W9XVBEMZEmA=
149,133,Z3Ccf99OTORWF7wOQa6z1iNoghY=,qroKQGnvy0CYuiL0W9XVBEMZEmA=
148,133,Z3Ccf99OTORWF7wOQa6z1iNoghY=,qroKQGnvy0CYuiL0W9XVBEMZEmA=
146,133,Z3Ccf99OTORWF7wOQa6z1iNoghY=,qroKQGnvy0CYuiL0W9XVBEMZEmA=
151,130,Z3Ccf99OTORWF7wOQa6z1iNoghY=,qroKQGnvy0CYuiL0W9XVBEMZEmA=
150,133,Z3Ccf99OTORWF7wOQa6z1iNoghY=,qroKQGnvy0CYuiL0W9XVBEMZEmA=
144,133,Z3Ccf99OTORWF7wOQa6z1iNoghY=,qroKQGnvy0CYuiL0W9XVBEMZEmA=
152,130,Z3Ccf99OTORWF7wOQa6z1iNoghY=,qroKQGnvy0CYuiL0W9XVBEMZEmA=
147,133,Z3Ccf99OTORWF7wOQa6z1iNoghY=,qroKQGnvy0CYuiL0W9XVBEMZEmA=
151,128,Z3Ccf99OTORWF7wOQa6z1iNoghY=,qroKQGnvy0CYuiL0W9XVBEMZEmA=
150,128,Z3Ccf99OTORWF7wOQa6z1iNoghY=,qroKQGnvy0CYuiL0W9XVBEMZEmA=
158,132,Z3Ccf99OTORWF7wOQa6z1iNoghY=,qroKQGnvy0CYuiL0W9XVBEMZEmA=
145,133,Z3Ccf99OTORWF7wOQa6z1iNoghY=,qroKQGnvy0CYuiL0W9XVBEMZEmA=
159,132,Z3Ccf99OTORWF7wOQa6z1iNoghY=,qroKQGnvy0CYuiL0W9XVBEMZEmA=
156,132,Z3Ccf99OTORWF7wOQa6z1iNoghY=,qroKQGnvy0CYuiL0W9XVBEMZEmA=
157,132,Z3Ccf99OTORWF7wOQa6z1iNoghY=,qroKQGnvy0CYuiL0W9XVBEMZEmA=
155,132,Z3Ccf99OTORWF7wOQa6z1iNoghY=,qroKQGnvy0CYuiL0W9XVBEMZEmA=
151,129,Z3Ccf99OTORWF7wOQa6z1iNoghY=,qroKQGnvy0CYuiL0W9XVBEMZEmA=
153,132,Z3Ccf99OTORWF7wOQa6z1iNoghY=,qroKQGnvy0CYuiL0W9XVBEMZEmA=
154,132,Z3Ccf99OTORWF7wOQa6z1iNoghY=,qroKQGnvy0CYuiL0W9XVBEMZEmA=
151,132,Z3Ccf99OTORWF7wOQa6z1iNoghY=,qroKQGnvy0CYuiL0W9XVBEMZEmA=
152,132,Z3Ccf99OTORWF7wOQa6z1iNoghY=,qroKQGnvy0CYuiL0W9XVBEMZEmA=
150,132,Z3Ccf99OTORWF7wOQa6z1iNoghY=,qroKQGnvy0CYuiL0W9XVBEMZEmA=
144,132,Z3Ccf99OTORWF7wOQa6z1iNoghY=,qroKQGnvy0CYuiL0W9XVBEMZEmA=
149,132,Z3Ccf99OTORWF7wOQa6z1iNoghY=,qroKQGnvy0CYuiL0W9XVBEMZEmA=
144,128,Z3Ccf99OTORWF7wOQa6z1iNoghY=,qroKQGnvy0CYuiL0W9XVBEMZEmA=
146,132,Z3Ccf99OTORWF7wOQa6z1iNoghY=,qroKQGnvy0CYuiL0W9XVBEMZEmA=
145,132,Z3Ccf99OTORWF7wOQa6z1iNoghY=,qroKQGnvy0CYuiL0W9XVBEMZEmA=
156,142,Z3Ccf99OTORWF7wOQa6z1iNoghY=,qroKQGnvy0CYuiL0W9XVBEMZEmA=
147,132,Z3Ccf99OTORWF7wOQa6z1iNoghY=,qroKQGnvy0CYuiL0W9XVBEMZEmA=
148,132,Z3Ccf99OTORWF7wOQa6z1iNoghY=,qroKQGnvy0CYuiL0W9XVBEMZEmA=
146,142,Z3Ccf99OTORWF7wOQa6z1iNoghY=,qroKQGnvy0CYuiL0W9XVBEMZEmA=
145,142,Z3Ccf99OTORWF7wOQa6z1iNoghY=,qroKQGnvy0CYuiL0W9XVBEMZEmA=
147,142,Z3Ccf99OTORWF7wOQa6z1iNoghY=,qroKQGnvy0CYuiL0W9XVBEMZEmA=
155,139,Z3Ccf99OTORWF7wOQa6z1iNoghY=,qroKQGnvy0CYuiL0W9XVBEMZEmA=
